age,priors_count,length_of_stay,c_charge_degree_F,sex_Female,race,risk
24,0,0,1,0,0,1
22,0,0,1,0,1,1
29,0,3,0,0,0,1
66,1,19,0,0,0,1
25,3,1,1,0,1,1
34,5,1,1,1,0,1
45,0,0,0,0,1,1
29,7,27,0,0,0,1
21,0,0,0,0,1,1
33,3,4,0,1,1,1
22,0,1,1,0,0,1
27,1,5,1,0,1,1
24,0,0,1,0,0,1
51,1,6,1,0,0,1
22,1,21,1,0,1,1
28,1,38,1,1,1,0
32,1,1,1,0,0,1
28,1,0,1,0,0,1
35,3,0,1,1,0,1
44,0,1,1,0,1,1
23,4,143,1,0,1,0
25,1,1,1,0,0,1
45,8,1,1,0,0,1
25,1,0,1,0,1,1
21,0,1,1,0,1,1
25,4,5,1,0,0,1
26,1,3,1,1,0,0
69,0,0,0,0,0,1
31,6,1,1,0,0,1
67,4,27,0,0,1,1
37,18,1,0,0,1,0
23,5,1,1,0,1,1
30,0,23,0,0,0,1
30,1,4,0,0,1,1
35,0,1,1,0,1,1
25,2,2,0,0,1,1
36,0,1,1,0,1,0
47,7,0,1,1,1,0
35,14,0,0,0,1,0
34,0,0,0,0,0,1
37,4,75,0,0,1,1
45,0,0,0,0,1,1
30,14,2,1,0,1,0
44,19,17,0,0,1,0
48,1,0,0,0,0,1
41,0,0,0,0,1,1
32,0,5,1,0,0,1
51,0,0,0,1,0,1
27,0,54,1,0,0,1
22,1,1,1,0,1,1
24,0,15,1,0,0,1
22,1,-1,0,1,1,1
25,4,1,1,0,0,1
53,0,11,1,0,0,1
24,3,2,0,1,1,1
33,1,0,1,1,1,1
34,6,13,1,0,1,0
31,0,1,1,1,1,1
30,1,0,1,0,1,1
30,4,0,0,0,0,0
25,4,0,1,0,1,0
24,3,0,1,0,1,0
51,0,1,0,0,1,1
33,2,28,1,0,1,0
39,1,0,0,0,0,1
27,7,34,1,0,1,0
24,8,0,1,0,0,1
26,7,18,1,0,0,1
63,9,1,1,0,1,1
42,0,281,1,1,0,1
57,16,12,0,0,1,1
46,0,0,1,0,0,1
25,1,0,0,1,1,0
21,0,7,1,0,0,0
23,1,28,1,1,1,1
29,0,0,1,0,0,1
46,2,7,1,0,0,1
33,0,0,0,0,0,1
21,0,0,1,0,0,1
21,0,0,1,0,1,1
41,0,0,1,1,0,1
32,0,0,1,0,0,1
24,0,0,1,0,1,1
21,0,2,0,1,0,1
26,1,3,1,0,0,1
32,0,0,0,1,0,1
38,2,1,0,0,0,1
35,1,0,0,0,1,1
20,0,-1,0,0,0,1
34,5,6,0,0,0,1
28,3,50,1,0,0,1
40,1,1,1,0,1,1
49,14,122,0,1,1,1
39,0,-1,1,0,0,1
26,5,323,0,0,1,1
35,2,14,1,1,1,1
40,0,1,1,0,1,1
30,0,2,1,0,1,1
54,1,3,0,1,0,1
58,1,0,0,0,0,1
38,1,0,1,0,0,1
29,8,1,0,0,1,0
26,1,1,1,0,0,1
30,15,93,1,0,1,0
25,0,0,0,1,0,1
21,1,4,1,1,1,0
35,1,1,1,0,1,1
54,0,-1,1,0,0,1
26,1,1,1,1,1,1
39,10,1,1,0,0,0
26,3,1,1,0,1,1
26,3,27,1,1,1,1
23,0,1,1,0,0,1
30,3,0,1,1,0,1
24,0,1,0,0,1,1
30,0,0,1,0,0,1
31,5,0,0,0,1,0
27,6,0,1,0,1,1
67,0,0,0,1,0,1
39,0,0,0,1,0,1
24,2,2,1,0,0,1
53,0,0,0,0,1,1
48,1,1,0,1,0,1
39,0,1,1,1,0,1
20,1,13,1,0,0,0
33,4,1,1,0,1,0
23,8,2,1,0,1,0
52,2,4,1,0,0,0
32,0,2,0,1,0,1
28,9,53,1,0,1,1
26,7,1,1,0,1,1
52,4,4,0,0,1,1
39,2,2,0,0,0,1
21,0,0,1,0,0,1
35,5,0,1,0,1,1
24,0,1,1,1,0,1
31,0,21,0,0,1,1
30,0,6,1,0,0,1
47,3,63,0,0,0,1
27,0,1,0,0,0,1
26,1,0,0,0,0,1
52,7,181,1,0,1,1
26,0,2,0,0,0,1
47,4,0,1,0,1,1
19,0,0,1,0,1,1
25,13,36,1,0,1,0
21,1,0,1,0,1,0
33,2,14,1,1,0,1
45,1,2,1,1,0,1
32,0,17,1,0,1,1
39,0,2,1,1,1,1
22,0,2,1,0,0,1
27,3,6,0,0,1,1
41,0,1,1,0,0,1
27,1,0,1,0,1,1
48,0,0,0,0,0,1
23,1,0,1,0,1,1
22,1,0,1,0,1,0
29,11,1,1,0,1,1
26,2,8,1,0,1,1
32,4,0,1,0,0,0
26,1,1,0,1,1,1
24,1,2,0,0,1,1
42,0,34,1,0,1,0
29,2,1,1,0,1,1
30,1,17,1,0,0,1
30,8,45,1,1,1,1
30,4,4,1,0,0,0
37,4,1,0,0,0,1
37,4,0,0,0,0,1
21,0,12,1,0,1,1
42,8,1,1,1,1,0
56,0,-1,1,0,0,1
55,8,2,1,0,1,1
62,0,0,0,0,1,1
24,4,1,1,0,1,1
35,0,0,0,1,1,1
57,0,109,0,0,0,1
36,0,1,0,0,0,1
23,6,1,1,0,1,1
48,23,360,1,0,0,0
26,24,85,0,0,1,0
48,8,11,1,0,1,0
33,0,0,0,0,0,1
57,4,257,1,1,0,1
30,3,1,0,0,0,1
37,0,0,0,1,0,1
72,3,4,1,0,0,1
26,9,1,0,0,1,1
23,10,70,1,0,0,1
22,0,149,1,0,1,1
20,0,1,1,0,0,1
25,7,20,1,0,1,0
23,1,0,0,0,0,1
53,8,4,0,0,0,1
43,2,1,1,1,1,1
34,10,13,1,1,0,0
37,1,0,0,0,0,1
38,0,749,0,0,1,0
20,1,15,1,0,0,0
38,2,1,1,0,0,1
55,0,0,0,0,0,1
28,11,0,1,0,1,0
53,5,1,1,1,1,1
21,0,4,1,0,0,1
55,2,1,1,0,0,1
30,0,0,1,0,0,1
33,1,0,0,0,0,1
39,2,0,1,1,0,1
49,4,4,0,0,0,0
20,0,0,1,0,1,0
34,4,0,1,0,1,1
32,0,0,0,0,0,1
28,11,0,0,0,0,1
31,11,-1,1,0,1,0
28,2,13,0,0,0,1
30,2,43,1,1,0,0
48,0,-1,0,0,0,1
22,0,1,1,0,1,1
40,0,2,0,1,0,1
32,7,5,1,0,1,1
28,4,1,0,0,0,1
22,0,2,1,0,1,1
26,14,-1,1,0,1,0
69,0,0,0,0,0,1
26,1,1,0,0,0,1
20,0,4,0,0,1,0
53,1,21,1,0,0,1
53,1,1,0,0,0,1
31,10,1,1,0,0,1
30,5,0,0,0,1,1
43,6,0,1,1,1,1
27,1,0,1,0,1,1
26,9,79,1,0,1,0
33,1,1,0,0,1,1
50,4,2,0,0,1,1
25,6,0,0,0,1,1
37,5,0,1,0,1,1
41,8,1,1,0,1,1
38,14,56,1,0,1,1
25,0,0,1,0,0,1
23,0,14,1,0,1,0
37,11,0,1,0,0,0
31,0,0,1,0,0,1
55,8,6,1,0,0,1
21,1,0,1,0,1,1
44,1,4,0,1,0,1
22,0,0,1,0,1,1
37,7,1,1,0,1,1
30,14,64,1,0,1,0
47,28,117,1,1,0,0
22,2,0,1,1,0,1
47,3,0,1,0,0,1
27,0,9,1,0,1,1
29,0,1,0,0,1,1
25,0,0,1,1,0,1
23,0,1,1,1,0,1
36,5,0,1,0,0,1
42,0,3,0,0,0,1
58,5,2,0,0,0,1
28,4,2,1,1,1,1
54,1,0,1,0,0,1
25,0,1,1,1,1,1
35,0,40,1,0,0,1
25,1,58,0,0,0,1
49,1,0,0,0,0,1
30,0,5,1,0,0,1
23,1,5,0,0,0,1
29,0,0,0,0,0,1
25,0,0,0,0,0,1
42,8,1,1,0,0,1
22,0,0,1,0,0,1
38,10,0,0,0,1,1
27,0,6,0,1,1,0
62,0,2,0,0,0,1
30,1,0,0,0,0,1
22,0,0,0,0,0,1
23,6,5,1,0,0,0
71,13,0,1,0,0,1
24,1,0,0,1,1,1
25,0,0,1,0,0,1
26,13,-1,0,0,1,0
40,4,33,1,0,0,1
36,3,27,1,1,0,1
30,1,0,1,0,1,1
33,18,0,1,0,1,0
49,0,1,0,0,0,1
65,3,23,1,0,0,1
26,10,1,1,0,0,1
24,5,-1,1,0,1,1
24,8,12,1,0,0,1
32,19,14,1,0,1,0
26,3,205,0,0,1,0
37,2,1,0,0,0,1
25,7,0,0,0,1,1
77,0,-1,0,0,1,1
20,1,5,1,0,0,0
24,0,0,1,0,0,1
45,1,2,0,0,1,1
64,13,1,1,0,1,1
47,3,1,1,0,1,1
41,0,1,1,0,0,1
37,0,0,0,1,0,1
25,2,11,1,1,0,1
34,0,2,1,0,1,0
46,12,2,0,0,1,1
22,1,24,0,0,0,1
22,0,0,0,1,0,1
62,0,1,1,0,0,1
21,0,0,0,0,0,1
39,3,3,1,0,1,1
51,0,0,0,0,0,1
31,8,117,1,0,0,0
38,37,30,0,0,1,1
23,0,32,0,0,1,1
23,0,0,0,0,0,1
47,0,1,1,0,1,0
34,1,3,0,1,0,1
49,10,9,1,0,1,1
31,0,0,0,0,1,1
30,0,1,1,0,1,1
38,0,1,1,0,1,1
22,0,0,1,0,0,1
28,3,0,0,0,0,1
24,0,0,0,0,1,1
27,5,1,1,0,1,0
38,0,2,1,1,0,1
30,2,1,1,0,1,1
30,6,1,1,0,1,1
36,11,0,1,0,1,1
63,23,2,1,0,0,1
28,2,49,1,0,0,1
43,0,-1,0,1,0,1
46,0,0,0,1,0,1
45,0,0,0,1,0,1
33,0,1,0,0,0,1
37,1,1,0,1,0,1
60,0,1,1,0,0,1
19,1,4,1,0,0,0
22,1,1,1,0,1,1
43,23,102,1,0,1,1
28,0,1,0,1,1,1
23,2,0,1,0,1,1
27,0,0,1,0,0,1
57,8,99,1,0,1,1
22,0,0,1,0,0,1
22,2,0,0,0,0,1
24,2,0,1,0,1,1
65,2,5,0,0,1,1
21,0,1,1,0,1,1
31,9,0,1,1,1,0
26,0,0,0,1,0,1
57,19,117,1,0,1,1
40,1,1,1,0,0,1
21,1,2,1,0,1,0
33,2,0,1,1,1,1
57,28,2,1,0,1,0
35,13,0,1,0,1,0
22,0,0,1,0,0,1
24,0,0,1,0,1,1
35,0,1,0,0,1,0
24,0,1,0,0,1,1
66,1,4,1,0,0,1
34,0,28,1,0,0,1
21,0,1,0,0,1,1
56,0,0,0,0,0,1
20,1,1,1,0,1,0
22,7,11,1,0,1,0
33,5,2,1,1,0,1
24,10,0,1,0,1,0
37,4,0,0,0,0,1
58,2,4,1,0,0,1
33,1,0,1,1,1,1
31,11,1,0,0,1,1
45,8,1,1,0,0,1
22,0,0,0,1,1,1
29,0,0,0,1,0,1
24,0,2,1,0,1,1
31,0,5,0,0,0,1
41,19,220,1,0,1,0
28,2,42,1,0,0,1
39,3,0,1,0,0,1
25,1,4,1,1,1,1
49,2,11,0,1,0,1
31,0,0,1,1,1,1
30,3,0,1,1,1,1
25,0,0,1,0,1,1
27,9,0,1,0,1,1
32,0,1,0,0,1,1
21,2,0,1,0,0,1
22,3,1,1,0,0,0
29,7,1,1,0,1,1
43,0,29,0,1,0,1
22,0,1,0,0,1,1
42,1,7,0,0,1,1
20,0,8,1,0,0,1
28,4,2,1,1,1,1
34,1,1,1,0,1,1
29,10,2,1,0,0,0
49,1,12,1,0,0,1
21,1,2,1,0,1,0
39,1,106,1,1,0,1
28,6,2,1,0,0,1
19,0,1,0,1,1,0
40,0,8,1,0,0,1
26,0,-1,1,0,1,1
39,1,1,1,0,0,1
48,0,2,1,0,1,1
33,1,1,0,0,1,1
22,12,35,1,0,1,0
24,2,0,1,0,0,1
26,6,1,0,0,1,1
37,8,14,1,0,1,1
23,1,1,1,0,1,1
23,3,0,1,1,1,1
20,0,0,1,0,1,1
26,4,2,1,0,0,1
25,2,12,1,0,0,1
23,3,0,0,0,1,1
46,0,0,1,0,0,1
24,3,1,1,0,0,1
46,2,0,1,0,0,1
46,10,73,1,0,0,1
29,2,1,1,0,1,1
55,27,1,0,0,0,1
25,5,0,0,0,1,1
38,1,0,1,0,0,1
47,21,21,0,1,1,0
41,4,0,1,0,1,1
42,1,0,1,0,1,1
25,3,2,1,0,1,1
26,6,1,1,0,1,0
32,12,1,0,0,1,0
24,4,5,1,1,1,0
21,0,6,1,0,1,0
42,0,2,0,0,0,1
53,1,4,0,0,0,1
25,4,33,1,0,0,0
26,0,1,0,0,1,1
25,0,0,1,0,0,1
26,2,0,0,1,0,1
21,0,1,1,0,0,1
28,0,0,0,0,1,1
20,1,5,1,0,1,0
33,9,49,1,0,0,0
32,6,3,1,1,1,1
27,0,0,1,1,0,1
32,2,0,1,0,0,1
38,0,25,1,1,0,1
22,3,1,1,0,1,1
52,0,0,1,0,0,1
35,0,0,0,0,0,1
25,0,1,0,1,1,1
32,21,64,1,0,1,0
52,0,1,1,0,0,1
25,1,0,0,1,0,1
35,12,1,0,0,1,1
25,5,0,1,1,1,1
27,8,49,1,0,1,1
49,3,3,1,0,1,1
54,6,13,1,0,1,1
23,2,0,1,0,0,0
41,7,1,0,0,1,1
33,0,1,1,0,0,1
36,1,14,0,0,0,0
44,3,0,1,0,0,1
32,2,32,1,1,0,0
36,7,2,1,1,1,1
53,1,11,1,0,0,1
27,4,0,1,0,0,1
32,3,1,1,0,1,1
27,2,1,0,0,0,1
25,4,9,0,0,1,1
38,0,1,1,0,1,1
24,0,3,0,0,1,1
24,0,0,0,1,0,1
41,6,6,1,0,1,1
25,3,0,1,0,1,0
39,13,1,1,0,1,0
29,0,0,0,1,0,1
26,1,0,0,1,1,1
21,0,7,1,0,1,0
21,0,0,1,0,0,0
21,1,456,1,0,1,0
45,38,121,1,0,1,0
23,1,1,1,0,0,1
21,0,0,1,1,1,1
27,1,0,0,0,0,1
52,1,1,0,0,0,1
27,18,178,1,0,0,0
63,5,4,0,0,0,1
20,1,4,1,0,1,1
32,5,65,1,0,0,1
30,4,3,1,0,0,1
29,0,1,0,0,0,1
39,6,26,1,0,0,1
20,0,2,1,0,1,0
32,0,1,0,0,0,1
53,5,2,0,0,1,1
38,0,0,0,0,0,1
52,0,0,0,1,0,1
40,2,1,0,0,0,1
27,0,0,0,0,0,1
26,1,1,0,0,1,0
58,1,2,0,0,0,1
21,0,2,1,0,0,1
25,1,0,0,0,0,1
24,7,1,0,0,1,0
22,5,0,0,0,0,1
59,0,0,1,0,0,1
48,0,33,1,0,0,1
74,0,1,0,0,0,1
24,0,1,1,0,0,1
30,0,-1,1,1,1,1
55,0,0,1,0,0,1
29,0,1,0,0,1,1
42,6,-1,1,0,0,1
29,1,0,1,0,0,1
19,0,2,0,0,0,0
22,1,2,1,1,0,1
23,1,2,0,0,1,1
41,0,3,0,0,0,1
31,0,1,1,0,1,0
55,0,0,0,1,0,1
45,0,0,1,0,1,1
43,0,0,0,1,0,1
27,3,1,1,1,1,1
33,16,33,0,0,1,0
46,2,3,1,1,0,1
38,1,8,0,0,1,1
23,0,1,1,0,1,1
33,1,0,1,0,1,1
25,0,0,0,0,0,0
36,14,2,1,0,1,0
33,6,1,0,0,1,1
56,9,19,0,0,0,1
44,0,1,0,0,0,1
37,0,0,1,0,0,1
27,7,4,1,0,1,1
22,0,-1,0,1,0,1
41,4,-1,0,0,1,1
50,7,7,0,1,0,1
24,0,1,1,0,0,1
61,1,4,1,0,0,1
22,1,4,0,0,1,1
50,2,0,0,0,0,1
30,18,1,0,0,1,0
36,0,7,1,0,0,1
22,3,323,1,0,1,0
45,1,2,1,0,1,1
26,5,6,1,1,1,0
41,0,0,0,0,1,1
27,4,1,0,0,0,1
35,13,4,1,0,0,1
29,12,0,1,0,1,1
23,3,1,1,0,1,1
59,4,1,1,0,1,1
30,11,0,1,0,1,0
34,2,0,1,0,1,1
31,2,33,0,0,0,1
22,0,1,0,0,1,1
47,5,4,0,0,0,1
56,4,7,1,0,0,1
36,2,-1,1,0,1,1
34,4,0,0,1,0,1
28,0,53,1,0,0,1
40,0,4,1,0,1,0
57,0,1,0,0,0,1
27,13,2,1,0,1,1
38,20,1,1,1,0,0
53,0,1,0,0,0,1
51,0,-1,0,0,0,1
34,0,0,1,1,0,1
21,0,6,1,0,1,0
29,3,0,0,0,0,1
25,1,0,0,0,1,1
43,6,9,1,0,0,1
28,0,0,1,1,0,1
29,1,2,1,0,0,1
27,0,1,1,0,0,1
26,1,1,0,1,0,1
22,0,1,1,0,1,1
20,0,1,1,0,1,1
25,14,0,1,1,0,1
43,5,14,0,0,1,1
21,0,0,1,0,1,1
37,3,0,0,0,0,1
37,3,1,1,0,1,1
37,6,1,1,0,1,1
55,1,1,0,0,0,1
44,4,1,0,0,0,1
23,5,0,1,1,0,1
22,1,0,1,0,1,1
26,2,0,1,0,0,1
45,3,1,1,0,0,1
42,1,1,1,0,1,1
25,5,101,1,0,0,1
21,0,0,1,1,1,1
21,0,1,1,0,1,1
27,1,168,1,0,1,1
21,0,1,1,1,1,0
45,2,0,0,0,0,1
30,0,1,1,0,1,1
42,1,1,1,0,1,1
24,12,17,0,0,1,0
23,3,0,1,0,1,0
59,2,29,1,1,0,1
40,15,65,1,1,1,1
23,0,0,0,1,1,1
28,4,34,0,0,1,1
32,6,0,1,0,0,0
23,0,45,1,0,0,1
34,1,12,1,1,0,1
30,0,0,0,1,0,1
45,1,0,1,0,0,1
30,5,1,0,0,1,0
23,0,0,0,0,1,0
22,2,31,1,0,0,1
22,0,0,1,0,1,1
28,3,165,1,0,0,0
31,3,1,1,0,0,1
28,16,1,1,0,1,0
27,0,4,0,0,0,1
27,0,8,1,0,0,1
28,3,0,0,0,1,1
21,0,5,1,0,0,1
30,8,1,1,1,1,0
57,14,19,1,0,0,1
31,9,1,0,0,0,0
29,1,0,0,0,0,1
54,7,0,1,0,0,1
42,0,0,1,1,1,1
53,9,130,1,0,0,0
29,0,0,0,0,0,1
36,1,95,1,0,0,1
29,6,0,1,0,1,1
43,0,0,0,0,0,1
32,8,0,1,0,0,0
33,0,141,1,0,1,0
25,1,0,0,0,1,1
22,0,2,0,0,1,0
35,9,173,1,1,1,0
22,2,54,0,0,1,0
30,0,0,1,0,0,1
50,3,11,1,0,0,1
20,0,1,1,0,0,1
51,2,1,1,0,0,1
26,0,0,1,0,1,0
50,1,1,1,1,1,1
51,17,0,1,0,1,0
26,0,0,0,0,0,1
30,2,0,0,0,0,1
54,3,8,1,0,0,1
21,0,4,0,0,0,1
35,2,0,0,0,0,1
33,3,1,1,0,0,1
61,3,0,0,0,0,1
22,1,0,0,0,0,1
23,0,3,0,0,0,0
24,0,0,1,0,1,1
25,5,1,0,0,1,0
35,5,0,1,0,0,1
59,14,33,1,0,1,0
33,0,0,0,0,0,1
21,0,0,1,1,1,1
33,0,1,1,0,0,1
28,1,0,1,0,1,1
42,7,1,1,0,1,0
32,0,-1,1,0,1,1
36,5,1,0,0,1,1
21,3,6,1,0,1,0
38,0,0,1,0,0,1
25,6,32,0,0,1,1
50,0,0,1,0,0,1
23,4,2,0,0,0,0
33,1,0,0,1,0,1
55,3,1,0,0,0,1
36,1,1,1,1,1,1
32,4,1,1,0,1,1
25,3,1,1,0,0,0
44,0,1,0,1,0,1
28,10,0,1,0,1,1
37,0,19,1,0,0,1
24,1,141,1,0,1,1
25,0,1,0,0,1,1
22,3,0,0,0,0,1
31,1,1,0,1,1,1
33,9,2,0,0,1,0
24,1,0,1,1,0,1
30,0,0,1,0,0,1
22,0,-1,1,1,1,1
32,1,3,0,0,1,1
58,2,0,0,0,0,1
38,7,197,0,0,1,1
41,19,48,1,0,1,1
29,4,1,1,0,1,1
31,2,27,1,1,0,1
57,1,1,0,0,0,1
29,20,56,1,1,0,0
20,2,10,1,0,1,1
30,3,2,1,0,1,1
36,10,32,1,0,1,0
45,0,1,1,0,0,1
34,19,4,1,0,1,0
63,1,14,1,0,0,1
40,4,1,0,0,0,1
36,0,-1,0,0,0,1
36,2,0,0,1,1,1
39,1,0,1,0,0,1
45,0,1,0,0,0,1
29,2,2,1,0,0,1
58,1,-1,0,1,0,1
33,3,9,1,1,1,1
54,0,20,1,1,0,1
20,2,192,1,0,0,0
20,0,1,1,0,1,1
50,0,0,0,1,0,1
29,0,1,1,1,1,0
33,5,5,0,0,1,0
25,7,43,1,0,0,0
51,15,34,1,0,1,0
22,4,2,1,1,1,0
25,0,4,0,0,1,1
24,5,1,1,0,0,1
70,0,1,0,0,1,1
37,4,0,0,0,0,1
29,1,13,1,1,0,1
39,0,2,0,1,0,1
22,0,16,1,0,0,0
34,3,1,0,0,1,0
30,3,1,0,1,0,1
36,1,1,0,1,0,1
29,0,-1,1,0,0,1
27,4,1,0,0,1,1
32,2,0,1,0,0,1
23,1,0,0,0,1,1
22,0,1,0,1,1,1
20,0,0,1,0,0,1
50,1,0,0,1,0,1
30,15,1,1,0,1,0
46,9,4,0,0,0,1
42,0,1,0,1,0,1
39,2,1,0,0,1,1
65,1,-1,1,1,0,1
33,10,117,1,0,0,0
33,2,-1,1,1,0,1
28,1,0,1,0,0,1
44,0,1,1,0,0,1
34,0,1,0,1,1,1
32,2,109,0,0,1,0
56,4,16,1,0,1,1
34,2,12,1,0,1,1
28,1,0,0,0,0,1
21,0,0,0,0,1,0
24,1,24,0,0,1,1
32,0,1,1,0,0,1
25,5,35,1,0,0,0
43,0,0,1,1,0,1
57,8,-1,0,0,1,1
47,1,2,0,0,1,1
27,4,34,1,0,1,0
43,0,1,0,1,0,1
42,0,0,0,1,0,1
38,0,1,1,0,1,1
44,0,1,0,0,0,1
24,0,0,1,0,1,1
68,7,5,1,0,0,1
27,4,33,1,0,1,0
26,0,1,0,0,0,1
55,9,3,0,0,1,1
40,0,1,0,0,0,1
35,13,0,1,0,1,0
39,1,62,1,1,1,1
46,3,20,0,0,1,1
36,14,0,1,0,1,1
27,5,1,0,0,0,0
30,0,0,0,0,0,1
22,1,2,1,0,1,1
33,5,0,1,0,1,1
36,1,39,0,0,0,0
26,3,0,0,0,0,0
22,2,11,1,0,0,0
35,0,0,0,0,1,1
22,0,9,1,0,1,1
19,1,434,1,1,1,0
28,7,6,1,1,0,1
23,0,1,1,0,0,1
28,4,0,1,0,1,1
21,0,1,1,0,0,1
26,9,1,0,0,1,0
33,7,1,1,0,0,0
49,3,0,1,1,0,1
25,4,1,1,1,1,1
25,1,0,0,0,0,1
23,1,19,1,0,0,1
58,8,1,0,0,0,1
21,2,1,1,0,1,0
29,1,0,0,0,1,1
23,3,35,0,0,0,0
22,3,214,1,0,1,1
35,10,0,0,0,1,0
21,0,0,0,1,0,1
24,0,2,1,0,0,1
21,1,13,1,0,1,0
45,2,358,1,0,0,1
23,3,9,0,0,1,1
38,1,1,1,0,0,1
60,13,2,1,0,1,1
30,11,1,1,0,1,1
47,5,0,1,0,1,1
50,0,2,1,0,0,1
25,1,0,1,0,1,1
42,3,0,1,0,0,1
51,6,2,1,0,0,1
21,0,0,1,0,1,1
24,2,1,1,0,1,1
32,1,0,0,0,1,1
30,5,1,1,0,1,1
50,1,1,1,0,0,1
32,1,0,1,0,1,1
44,0,2,1,0,1,1
43,2,5,1,0,0,1
47,6,5,1,0,1,1
24,2,241,1,0,0,0
46,1,0,0,0,0,1
21,1,0,1,0,0,1
50,0,1,0,0,0,1
27,0,-1,1,0,1,1
20,1,1,0,0,1,1
21,2,18,1,0,1,0
42,17,8,1,1,1,0
24,12,36,0,0,1,0
57,0,1,0,1,0,1
33,0,1,0,0,1,0
36,2,0,1,0,0,1
23,0,4,0,0,0,0
27,14,1,1,0,1,0
23,0,1,0,1,0,1
58,10,0,0,0,0,1
21,1,1,1,0,0,1
28,3,1,1,0,0,1
28,5,2,0,1,1,0
60,12,1,1,0,1,1
27,15,48,1,0,1,0
27,6,1,0,0,1,1
31,6,10,0,0,0,1
27,3,0,0,1,1,1
28,6,30,0,1,0,0
24,1,21,1,0,0,1
27,2,131,1,0,1,1
26,10,1,1,0,1,0
51,19,2,1,0,1,0
30,8,1,1,0,1,0
33,3,0,0,0,0,1
22,0,1,1,0,1,1
49,0,1,1,0,0,1
37,3,2,1,0,0,1
24,1,1,0,0,0,1
23,5,54,0,0,0,1
38,5,5,0,0,1,1
60,1,1,0,0,0,1
42,1,17,0,0,1,1
21,0,1,0,0,0,1
47,0,1,0,1,0,1
20,2,0,1,0,1,0
24,2,19,1,0,1,0
25,0,0,1,0,1,1
27,0,0,1,1,1,1
28,1,3,1,0,0,1
69,2,0,0,1,0,1
27,1,3,1,0,1,1
25,5,10,0,0,0,0
25,5,236,1,0,1,0
37,1,1,1,0,0,1
51,21,449,1,0,1,0
49,0,1,0,0,0,1
38,2,7,1,0,0,1
24,7,199,1,0,1,0
32,11,0,1,1,1,1
23,4,3,1,0,1,0
20,4,0,1,0,0,0
20,1,1,0,1,0,1
54,0,0,0,0,1,1
23,0,0,0,1,1,1
25,0,0,0,1,0,1
36,4,2,0,0,1,1
30,13,2,1,0,1,0
41,2,0,1,0,1,1
41,10,176,1,0,1,0
26,5,6,1,0,1,1
26,9,2,1,0,1,0
51,11,79,0,0,1,1
42,17,51,0,0,1,1
21,1,0,1,0,0,1
25,1,0,1,0,0,1
30,10,0,1,0,1,1
21,0,50,1,0,1,1
35,23,1,1,0,1,0
37,0,0,0,0,0,1
31,25,117,0,0,1,0
62,13,1,1,0,1,0
27,3,7,1,0,1,0
27,1,0,0,1,1,1
58,1,0,1,0,0,1
50,13,242,1,0,1,1
48,1,0,1,0,0,1
24,2,1,1,0,0,1
23,0,0,0,1,1,1
37,12,52,0,0,1,0
25,0,1,1,0,0,1
24,0,0,0,0,0,1
25,2,11,0,0,0,1
47,1,0,0,0,0,1
32,4,414,1,0,1,1
42,0,0,1,0,1,1
20,0,0,0,0,1,1
29,7,1,0,0,0,0
31,6,48,0,0,1,1
44,0,2,1,0,1,1
38,0,1,1,0,0,1
25,0,0,1,0,1,1
28,9,0,0,0,0,1
29,0,0,0,1,0,1
37,2,0,1,0,1,1
23,1,2,1,0,1,0
46,17,6,1,0,1,0
48,5,242,1,0,1,0
51,4,1,1,0,1,1
61,25,1,1,0,1,1
21,1,12,1,0,0,0
53,8,5,0,0,0,1
21,2,1,1,0,0,1
25,0,1,0,0,1,1
27,21,35,1,0,1,1
27,0,0,0,1,1,1
53,4,0,0,0,0,1
51,3,6,1,0,0,1
41,5,0,0,0,1,1
44,0,0,1,0,1,1
41,1,2,1,0,1,1
25,8,1,0,0,1,0
29,0,0,1,0,1,1
37,3,28,1,1,1,1
20,1,109,1,0,1,0
52,7,0,0,0,1,1
31,5,1,0,0,0,1
22,1,5,1,0,1,0
28,20,0,1,0,1,0
34,2,0,0,0,0,1
22,3,2,1,0,0,1
24,3,1,0,0,0,1
24,0,23,0,1,0,1
48,4,1,1,0,1,1
31,5,0,1,0,0,1
27,0,2,0,0,0,0
35,0,101,1,0,0,1
43,9,1,0,1,1,0
31,0,-1,1,0,1,1
32,6,4,1,0,1,1
21,4,219,1,0,1,0
61,0,-1,0,0,0,1
28,0,15,1,0,1,1
58,6,144,1,0,1,1
36,0,1,1,1,0,1
35,0,1,1,0,0,1
41,0,1,1,0,0,1
62,0,1,0,0,0,1
53,1,0,0,1,0,1
52,16,0,1,0,1,0
42,1,0,1,0,0,1
37,3,0,0,0,1,1
21,0,1,0,0,0,1
44,6,2,1,0,0,1
24,6,45,1,0,1,0
28,7,77,1,0,1,1
57,2,0,0,0,1,1
21,0,0,1,1,0,1
48,1,126,1,0,0,1
24,4,4,1,0,1,1
21,0,1,1,0,1,0
25,5,1,1,0,0,1
56,0,0,0,0,0,1
54,0,1,0,0,1,1
30,0,1,0,1,0,1
29,0,1,0,0,0,1
30,4,1,0,0,1,1
40,1,1,1,0,1,1
24,0,0,1,0,1,1
43,0,1,1,0,0,1
30,5,2,1,0,0,1
30,14,5,1,0,1,1
21,0,0,1,1,1,1
52,2,1,1,1,1,1
74,2,9,1,0,0,1
32,7,1,1,0,0,1
51,0,1,0,1,0,1
20,4,2,1,0,1,0
23,0,2,0,0,0,1
37,2,0,1,0,0,1
48,4,0,1,0,1,1
21,0,0,0,1,1,1
31,1,1,1,0,0,1
24,1,1,1,0,0,1
26,5,0,1,0,1,1
46,3,1,1,0,1,1
40,8,40,1,0,0,1
49,1,1,1,1,0,1
38,15,0,1,0,1,1
51,14,7,1,0,1,1
30,7,0,1,0,0,0
29,0,6,1,0,0,1
30,20,317,1,0,1,0
65,7,0,0,0,1,1
25,2,181,1,1,0,0
56,5,597,1,0,1,1
24,1,0,0,0,1,1
45,1,0,0,0,1,1
21,3,0,1,0,1,0
46,1,1,1,0,0,1
30,3,0,1,1,0,1
33,3,114,0,0,1,1
25,1,1,1,0,0,1
28,8,2,1,0,1,0
25,2,1,1,0,1,1
21,0,0,0,0,0,1
21,1,0,1,0,0,0
28,5,20,1,0,0,1
20,0,0,0,1,1,1
25,10,7,1,0,0,0
33,1,0,1,0,1,1
22,0,0,1,0,1,1
54,1,0,1,0,1,1
28,0,1,0,0,1,1
69,0,2,0,0,0,1
32,5,4,1,1,0,1
28,0,1,1,0,1,1
36,0,2,0,0,1,1
50,30,3,0,1,0,1
23,2,6,1,0,1,1
38,0,1,0,1,1,1
34,0,0,1,1,1,1
51,1,1,0,0,0,1
21,0,0,1,0,1,0
32,13,38,0,0,1,0
24,0,0,1,0,0,1
48,0,1,1,0,0,1
34,19,1,0,0,1,0
28,4,1,1,0,1,1
35,2,34,0,0,0,1
25,1,4,1,1,1,1
27,6,1,1,0,1,1
45,16,1,1,0,1,1
42,2,34,0,1,1,1
29,1,40,1,0,1,0
21,0,0,0,0,0,1
25,2,0,0,0,0,1
34,5,0,1,0,1,1
26,2,-1,1,0,0,1
37,6,1,0,0,0,1
20,2,2,1,0,1,0
33,0,29,1,1,1,0
22,5,2,1,0,0,1
25,0,1,1,0,1,1
24,0,1,1,0,0,1
43,1,1,1,0,1,1
24,0,6,1,0,0,1
28,0,0,0,1,1,1
25,1,1,0,0,1,1
27,2,0,1,0,0,1
60,0,218,1,0,1,1
30,4,-1,1,0,1,1
21,1,1,0,0,1,1
32,15,7,1,0,1,0
25,0,0,0,0,0,1
27,2,1,0,0,0,1
26,0,0,0,1,1,1
37,2,169,1,0,1,0
28,9,1,0,0,1,1
43,1,1,1,0,1,1
29,2,0,1,0,1,1
41,1,1,1,0,0,1
21,0,1,1,0,1,0
59,8,5,1,0,1,1
30,12,-1,1,0,1,0
31,2,0,1,1,1,1
22,0,0,0,0,0,1
40,1,1,0,0,1,1
38,5,1,1,0,0,1
37,17,1,1,0,1,0
41,14,0,1,0,1,1
33,28,1,1,0,1,0
45,19,1,1,0,0,1
33,0,0,1,0,0,1
25,0,3,1,0,0,1
24,17,130,1,0,1,0
30,1,0,0,1,0,1
46,0,0,1,0,1,1
31,0,3,0,1,0,1
33,0,1,0,1,0,1
22,0,0,0,0,0,1
57,3,1,1,0,0,1
31,0,1,1,1,1,1
27,1,1,0,0,0,1
34,0,0,1,0,0,1
25,1,28,1,0,1,1
34,8,4,1,0,1,1
20,2,2,1,0,1,0
64,0,4,1,0,1,1
41,5,1,1,0,0,1
28,2,2,0,0,1,1
38,1,14,0,0,0,1
26,8,41,1,0,0,0
41,0,0,1,0,0,1
37,8,1,1,0,1,1
27,3,1,0,0,1,1
20,0,0,1,1,1,1
28,1,0,1,1,1,1
22,1,1,1,0,1,1
59,5,151,0,0,1,1
29,9,1,1,0,1,1
24,0,0,1,0,1,1
29,2,22,1,0,0,1
23,2,1,1,1,0,1
23,2,80,0,0,1,0
43,0,0,0,1,0,1
31,13,0,0,0,1,0
22,0,2,1,0,0,1
23,0,0,1,1,1,1
36,0,1,0,1,0,1
25,1,0,1,0,1,1
24,0,1,0,0,1,1
41,0,3,1,0,1,1
48,6,1,1,0,1,1
24,7,0,1,0,1,1
31,2,1,1,1,0,0
42,5,31,1,0,0,1
49,0,-1,1,1,0,1
23,4,7,0,0,0,1
37,0,0,0,1,0,1
34,0,2,0,1,0,1
26,2,-1,1,0,0,1
19,0,1,0,1,1,1
53,1,0,0,1,0,1
25,1,1,1,0,1,1
24,5,5,1,0,0,1
27,0,0,1,0,0,1
38,5,1,1,0,1,1
42,7,0,0,0,1,1
35,5,225,1,0,1,1
24,0,1,0,1,1,1
38,3,0,1,1,1,1
29,7,1,1,0,1,1
46,5,-1,1,0,0,0
43,9,0,1,0,1,1
27,1,0,0,0,1,1
22,0,0,0,0,0,1
30,4,1,0,0,1,1
23,2,1,1,1,1,1
39,10,40,0,0,1,0
27,0,1,1,0,0,1
32,9,23,0,0,1,1
32,0,1,0,0,0,1
38,16,241,1,0,1,0
30,2,16,1,0,1,1
51,3,3,1,0,1,1
59,0,0,0,1,0,1
75,5,1,1,1,1,1
43,11,76,1,0,0,1
43,0,0,1,0,0,0
47,0,1,0,0,1,1
27,1,1,0,0,0,1
35,7,28,1,0,1,1
45,4,4,0,0,0,1
20,3,21,1,0,1,1
22,0,0,0,0,1,1
37,0,1,0,0,0,1
25,2,0,1,0,0,1
25,5,0,1,0,0,0
26,1,2,1,0,0,1
45,0,1,0,0,0,1
50,0,0,0,0,0,1
34,0,14,1,0,0,1
24,1,33,1,0,1,1
30,0,0,0,1,0,0
45,0,13,1,0,0,1
48,14,142,1,0,1,0
27,0,1,0,0,1,1
46,2,0,1,0,0,1
52,7,0,0,0,0,1
27,4,-1,0,0,1,1
64,0,1,0,0,1,1
39,0,0,0,0,1,1
47,1,1,0,0,0,1
32,8,1,1,0,1,0
25,2,0,0,1,1,1
29,1,1,1,1,0,1
26,3,0,0,0,0,1
20,0,0,0,0,0,1
40,0,1,1,1,0,1
24,3,0,1,0,0,1
35,0,1,0,0,0,1
35,1,79,0,0,1,0
32,1,1,1,0,1,0
50,7,0,1,0,1,1
24,0,1,1,0,1,0
57,23,30,1,0,1,0
32,9,4,0,0,0,1
33,0,0,0,1,0,1
38,0,1,0,1,0,1
34,15,3,1,1,0,0
32,0,0,0,0,0,1
57,12,3,0,0,0,1
24,2,0,0,0,0,1
47,2,2,1,0,0,1
25,4,31,1,0,1,1
30,0,5,1,0,0,1
29,0,0,1,0,1,1
53,0,0,0,0,0,1
28,8,3,1,0,1,1
24,3,6,1,0,0,0
56,0,1,1,0,1,1
45,1,1,1,1,0,1
21,0,2,1,1,0,1
26,0,0,0,0,0,1
24,2,1,1,0,0,1
28,0,2,1,1,0,1
51,3,1,1,0,0,1
28,0,1,1,0,0,1
21,0,0,0,0,0,1
59,0,0,0,0,0,1
27,3,12,1,0,1,1
66,33,13,1,0,1,1
26,11,1,1,0,1,1
43,0,41,1,0,1,1
52,15,0,0,0,1,1
26,2,0,1,0,1,1
49,2,82,0,1,0,1
38,0,2,0,0,0,1
47,0,-1,0,0,0,1
25,3,5,1,0,1,1
36,2,47,1,0,1,1
21,1,1,1,0,1,0
24,3,-1,1,0,1,0
59,3,2,0,0,0,1
38,5,0,0,0,0,1
41,18,299,1,0,1,1
33,0,0,1,0,0,0
31,9,0,0,0,1,1
31,2,2,0,0,1,1
21,1,11,1,0,0,1
43,3,1,1,0,1,1
45,0,1,0,0,0,1
26,5,0,1,0,1,1
27,0,0,0,1,0,1
26,9,1,0,0,0,1
24,1,3,1,1,1,0
54,6,0,1,0,0,1
48,0,1,0,0,1,1
57,20,33,1,0,1,1
20,0,3,1,0,1,1
26,5,36,1,0,1,0
66,0,1,1,0,0,1
20,2,1,1,0,1,1
20,0,23,0,0,0,1
26,2,0,1,0,0,0
35,8,239,1,0,1,0
46,2,3,0,0,0,1
44,0,2,0,0,0,1
47,5,0,0,0,0,1
56,0,1,0,0,0,1
67,0,1,1,0,0,1
55,1,4,0,0,0,1
29,1,0,1,0,0,1
26,1,1,0,0,0,1
51,4,8,1,1,0,1
63,1,1,1,0,1,1
22,0,0,1,0,0,1
24,0,1,0,0,0,1
29,0,1,1,0,1,1
71,8,24,1,0,1,1
49,5,3,1,0,0,1
70,1,1,1,1,1,1
26,8,0,1,0,1,0
27,1,2,1,0,0,1
23,2,45,0,0,0,1
28,1,0,0,1,1,1
49,2,1,0,0,0,1
23,0,12,0,0,1,1
37,2,28,1,0,0,1
39,2,-1,0,0,0,1
56,5,12,1,0,1,1
27,2,6,1,0,0,1
23,2,2,1,0,0,1
29,2,0,1,0,0,1
34,3,0,1,0,1,1
21,1,15,1,0,1,1
58,4,1,1,1,1,1
35,13,2,1,1,1,0
49,25,9,1,1,1,0
58,2,83,0,0,0,1
41,0,1,1,0,0,1
48,1,0,1,1,1,1
31,9,470,1,0,0,1
50,0,0,1,0,0,1
46,0,78,1,0,0,1
22,2,1,1,0,1,1
21,0,3,0,0,0,1
23,0,1,0,0,1,1
52,1,0,1,1,1,1
25,9,12,1,0,1,1
27,0,2,1,0,0,1
22,6,1,1,0,1,0
25,5,0,1,1,1,0
53,1,1,0,0,0,1
63,0,0,0,0,1,1
39,4,118,1,0,1,0
21,0,9,0,0,0,0
29,4,0,0,0,1,1
20,0,0,1,1,0,1
39,17,181,1,0,0,1
56,6,1,1,0,1,1
37,0,37,1,1,1,1
46,0,0,1,0,0,1
23,2,18,1,0,1,1
45,0,1,0,1,0,1
26,0,0,0,0,1,1
22,1,5,1,0,1,1
24,3,75,1,0,1,0
25,2,1,0,0,0,1
22,0,0,1,0,1,1
33,0,1,1,1,0,1
49,0,0,0,0,1,1
33,6,152,1,0,0,1
27,11,3,1,0,1,0
22,0,0,1,0,1,1
66,0,1,0,0,0,1
52,8,39,1,0,0,1
49,8,3,1,0,0,1
21,0,1,0,1,1,1
30,13,474,1,0,1,0
46,0,1,0,1,0,1
62,0,3,1,0,0,1
26,2,148,1,0,1,1
32,11,1,0,0,1,0
46,2,0,1,0,1,0
21,0,2,1,0,1,1
24,9,4,1,0,0,0
35,8,8,0,0,1,1
51,2,1,0,0,1,1
35,0,0,1,0,0,1
61,4,1,1,0,0,1
21,0,0,1,0,0,1
31,23,55,1,0,1,0
20,0,1,1,0,1,1
52,7,117,1,0,1,0
28,2,0,1,1,1,1
32,1,-1,1,0,1,1
35,1,64,0,0,1,1
24,2,1,1,1,1,1
49,0,-1,0,0,0,1
24,1,0,1,0,0,1
38,3,0,1,1,0,1
24,0,-1,1,0,1,1
28,10,1,0,0,1,1
23,0,0,0,0,0,1
39,6,35,0,0,1,1
46,2,1,1,0,0,1
39,2,-1,1,0,0,1
29,2,1,1,0,0,1
23,0,0,0,1,0,1
24,6,310,0,1,1,1
25,4,1,1,0,0,0
26,3,0,1,0,1,1
33,3,2,0,1,1,1
31,15,2,1,0,1,0
22,0,0,1,0,0,1
39,19,0,0,0,1,1
51,7,3,0,0,1,1
26,10,1,1,0,1,0
42,3,-1,1,0,0,1
28,3,37,1,0,0,1
24,1,1,1,0,0,1
21,0,-1,1,0,0,1
61,1,0,1,1,1,1
29,7,8,1,1,0,1
29,2,50,0,0,1,1
52,0,1,0,1,0,1
23,4,0,1,0,0,1
31,2,117,0,1,0,1
39,5,18,1,0,0,1
37,0,0,0,1,1,1
28,0,0,1,1,0,1
32,1,0,0,1,1,1
58,4,0,1,0,0,1
41,0,0,0,0,0,1
34,0,2,1,0,1,1
42,0,1,1,1,0,1
45,0,2,1,0,1,1
43,12,52,1,0,0,1
49,0,0,1,0,1,1
25,9,87,1,0,0,0
27,4,50,1,0,1,1
30,1,28,1,0,0,1
33,0,0,0,0,1,1
31,0,0,0,1,1,1
46,9,5,1,0,1,1
37,3,2,0,0,0,1
45,17,46,1,0,1,1
31,5,2,1,0,1,1
29,5,3,1,0,1,1
20,0,0,1,0,0,1
26,5,-1,1,0,0,0
49,3,1,1,0,1,1
20,1,2,1,1,1,0
45,15,330,1,0,1,0
29,1,0,0,0,0,1
27,0,1,0,0,1,1
36,5,0,0,0,0,1
27,0,0,0,0,0,1
20,0,0,0,0,0,1
24,0,0,1,1,1,1
46,4,1,1,0,0,1
29,2,27,1,0,1,1
29,2,25,0,0,0,1
21,0,-1,1,0,0,1
45,7,1,1,0,0,1
27,6,1,0,0,1,0
24,0,15,1,0,0,0
55,1,9,1,0,1,1
26,0,1,0,0,0,1
38,16,33,0,0,1,0
24,1,0,1,0,1,1
29,12,12,1,0,1,0
54,6,1,1,1,1,1
36,13,33,1,1,1,0
52,0,0,0,0,0,1
36,3,25,1,1,0,1
24,4,51,1,0,1,0
62,0,2,1,0,0,1
28,0,0,0,0,0,1
21,3,17,0,0,1,0
57,0,1,1,0,0,1
58,0,0,0,0,0,1
26,0,0,1,1,0,1
21,3,0,1,0,0,1
58,0,0,0,0,0,1
27,5,64,0,0,1,1
51,0,1,0,0,0,1
72,7,-1,1,0,0,1
40,0,0,1,1,0,1
28,2,1,1,0,1,1
28,4,2,1,0,1,1
22,0,1,0,1,0,0
24,0,0,0,1,0,1
25,2,274,1,0,1,0
28,0,37,1,0,0,1
38,0,0,0,0,0,1
27,6,0,1,0,1,0
44,4,1,1,0,0,1
25,0,0,1,0,0,1
34,5,2,0,0,1,1
27,2,15,0,0,1,1
21,2,79,1,1,1,0
40,0,1,0,1,0,1
21,0,2,1,0,1,0
20,0,0,1,1,0,1
27,2,0,1,0,0,1
45,1,1,0,0,0,1
24,1,1,1,0,0,1
37,3,80,0,0,1,1
38,7,6,1,0,1,1
38,1,77,1,0,1,1
31,0,0,0,0,0,1
48,0,1,1,1,0,1
20,0,0,0,0,0,1
46,0,-1,0,0,0,1
64,0,108,1,0,0,1
59,0,1,1,0,0,1
43,4,1,1,0,1,1
24,0,0,0,1,0,1
27,3,0,1,1,1,1
52,0,0,0,1,0,1
25,1,266,1,0,0,1
38,3,4,1,0,1,1
29,12,5,1,0,1,0
23,2,1,0,1,1,1
33,2,-1,1,0,1,0
40,3,40,0,0,0,1
28,0,1,0,0,0,1
55,7,0,1,0,0,0
31,0,0,0,0,0,1
25,0,0,1,1,0,1
26,3,33,1,0,1,1
41,12,0,1,0,1,1
25,2,29,1,0,0,1
22,0,71,1,0,1,1
43,15,0,0,0,1,0
36,3,1,1,0,1,1
22,0,1,1,0,1,1
26,0,0,1,0,1,1
29,16,0,1,0,1,0
56,2,2,1,0,0,1
35,1,0,0,1,1,1
36,6,0,0,0,1,1
22,1,16,0,0,1,1
30,1,35,0,0,0,1
23,2,1,1,0,1,0
39,3,1,1,1,0,1
31,5,6,1,0,1,1
24,3,1,1,1,1,0
49,13,0,1,0,1,1
22,1,0,0,1,0,1
30,11,1,0,0,1,0
31,1,0,1,0,0,1
22,2,1,1,0,1,1
22,0,1,1,0,1,1
48,0,1,1,1,0,1
39,1,0,1,0,0,1
21,0,0,0,1,1,1
23,2,2,1,0,1,1
45,3,36,1,0,1,0
37,2,0,1,1,1,1
24,0,0,0,1,1,1
32,6,130,1,0,1,0
28,1,0,1,1,1,1
55,1,0,0,0,0,1
55,1,1,1,0,0,1
30,1,0,0,0,1,1
34,0,76,0,0,0,1
29,8,5,0,0,1,0
30,6,0,0,0,1,1
41,2,14,1,0,1,1
61,14,1,0,0,1,1
27,6,1,1,1,0,0
52,4,0,0,0,0,1
56,1,15,1,0,0,1
53,2,0,1,0,1,1
22,0,1,1,1,1,0
27,0,0,0,0,0,1
45,8,71,0,0,0,1
26,0,1,1,0,0,1
22,1,43,1,0,1,1
30,0,56,0,0,0,1
39,3,34,1,0,1,1
35,3,0,0,0,0,1
22,0,0,0,0,0,1
26,1,5,1,0,0,1
22,0,5,1,0,1,0
53,1,2,0,0,0,1
31,3,0,0,0,0,1
38,2,0,1,0,0,1
37,1,0,0,0,0,1
44,0,5,1,0,0,1
31,1,0,0,0,0,1
26,5,0,1,0,0,1
34,5,0,1,0,1,1
29,0,1,1,0,1,1
21,2,7,1,0,1,1
22,0,11,1,0,1,1
39,1,1,1,0,0,1
36,2,0,0,0,0,1
32,5,1,1,1,1,1
24,0,2,1,0,0,1
57,7,151,1,0,0,1
29,4,1,1,0,1,1
42,9,0,1,0,1,1
37,0,0,0,1,0,1
22,3,10,0,0,0,0
39,0,0,0,0,0,1
24,8,35,1,0,0,0
32,0,0,0,0,0,1
36,0,0,1,0,1,1
25,5,36,1,0,1,1
41,8,1,1,0,1,1
27,0,5,1,1,0,1
32,0,0,0,1,1,1
35,0,1,0,0,0,1
41,5,1,1,0,0,1
25,2,0,1,0,1,1
50,7,1,0,1,1,1
64,0,0,0,1,0,1
26,3,0,1,1,1,0
35,1,9,0,0,1,1
42,8,1,1,0,1,1
28,1,1,1,0,0,1
24,1,0,0,0,1,1
44,3,11,1,1,0,1
22,1,1,1,0,0,1
23,0,1,0,1,1,1
48,0,1,1,0,1,1
50,0,2,1,0,0,1
53,3,2,1,1,1,1
33,6,0,1,0,1,1
32,9,111,1,0,1,0
22,2,34,0,1,1,0
36,1,0,1,0,0,1
36,0,0,1,0,0,1
32,0,0,1,0,0,1
34,1,0,0,0,0,1
24,2,1,1,1,0,1
22,0,1,1,0,0,1
31,15,91,1,0,1,1
23,2,1,1,0,1,1
61,8,0,1,0,1,1
60,9,0,1,0,1,0
28,0,2,1,1,0,1
30,1,0,1,1,0,1
56,3,0,0,0,0,1
23,3,1,1,0,1,0
41,5,0,0,0,0,1
54,14,28,0,0,0,1
52,3,0,0,1,0,1
20,2,21,1,0,0,0
20,0,0,1,0,1,0
42,3,1,1,0,1,1
33,0,0,1,0,1,1
40,0,0,1,1,0,1
24,1,0,0,1,1,1
26,1,1,1,0,1,1
23,0,1,1,0,1,1
34,5,0,1,1,0,1
24,11,0,1,0,0,0
47,0,1,0,0,0,1
45,0,1,0,1,0,1
25,4,0,1,1,1,1
27,0,0,1,0,0,0
26,18,197,1,0,1,0
44,2,5,0,0,1,1
31,0,77,1,0,0,1
26,20,29,1,0,1,0
40,0,2,1,0,1,1
29,4,7,0,0,0,1
26,0,0,0,0,0,1
40,4,0,1,0,0,1
42,0,-1,0,0,0,1
25,5,35,1,0,1,0
30,0,1,0,0,0,1
26,2,1,1,0,0,1
33,2,0,1,0,0,1
61,0,0,0,0,0,1
26,10,0,0,0,0,0
30,7,37,0,0,0,1
23,1,0,0,0,1,1
28,0,0,1,0,0,1
25,4,0,1,0,1,0
45,6,241,1,0,0,1
32,14,1,1,0,1,0
23,3,5,1,1,0,0
24,3,17,1,0,0,0
29,0,0,0,0,1,1
28,12,1,0,0,1,1
26,20,43,1,0,1,0
22,0,1,0,0,1,0
21,2,1,1,0,0,1
30,5,62,1,0,0,1
52,0,2,1,1,1,1
23,2,7,1,0,0,0
26,0,1,0,0,0,1
20,0,11,0,0,0,1
46,0,0,1,1,0,1
34,13,18,1,0,0,0
26,2,2,0,0,1,1
40,0,-1,1,1,1,1
32,3,8,1,0,1,1
25,2,0,1,0,1,0
22,0,0,0,1,1,1
26,1,57,1,0,1,0
26,3,1,1,1,0,1
41,1,2,1,0,1,1
24,1,1,1,0,1,1
22,0,6,1,0,0,1
70,11,12,1,0,0,1
22,0,5,1,0,1,1
32,0,19,0,0,0,1
37,8,0,1,0,0,1
27,3,3,0,0,0,1
21,2,1,1,1,1,0
24,0,2,1,0,1,1
28,6,1,0,0,1,0
30,9,8,1,0,1,1
54,1,1,0,0,0,1
29,0,1,0,1,0,1
38,0,1,0,0,1,1
22,2,16,1,0,1,1
66,0,0,0,0,0,1
25,0,0,1,0,0,1
44,7,1,1,0,1,1
20,0,0,1,0,1,1
32,5,9,1,0,1,1
69,0,-1,0,1,0,1
39,0,0,1,0,0,1
20,0,0,1,0,1,0
31,6,1,1,0,1,0
30,1,132,1,0,1,1
28,0,-1,1,0,0,1
21,0,4,1,1,1,1
55,0,5,0,0,0,1
22,2,30,1,0,1,0
21,2,0,1,0,0,0
47,1,81,1,0,0,1
29,7,2,1,0,1,0
51,3,1,1,0,1,1
27,3,0,1,0,1,0
24,0,-1,1,0,1,1
21,0,1,0,0,1,1
25,4,19,1,0,1,0
47,0,3,1,1,0,1
56,3,191,1,0,0,1
69,3,0,0,0,1,1
52,0,0,1,0,0,1
24,5,18,1,0,0,1
35,1,1,0,0,1,1
27,10,1,1,0,1,0
20,0,18,1,1,0,0
28,7,0,0,0,1,1
28,10,243,1,0,1,1
24,1,0,1,0,1,1
26,2,1,1,0,1,1
27,0,1,1,0,1,1
23,6,17,0,1,1,1
21,1,5,1,0,1,0
48,1,0,1,0,1,1
21,3,1,0,1,0,1
38,0,7,1,0,0,1
34,0,2,1,0,0,1
23,4,192,1,0,1,0
22,0,7,1,0,1,1
24,0,0,1,1,0,1
40,4,5,1,1,0,1
66,1,0,1,0,0,1
27,5,0,0,0,1,1
28,4,0,1,1,1,1
40,1,75,1,0,1,1
27,0,4,1,0,0,1
25,5,155,1,0,1,0
53,0,0,0,0,0,1
22,4,0,0,0,1,1
29,0,1,1,0,1,1
33,10,1,0,0,0,1
25,0,0,0,1,0,1
55,3,36,1,0,0,1
31,1,0,0,1,1,1
24,0,0,1,1,1,1
57,0,77,0,1,1,1
26,0,5,0,0,0,1
46,0,0,0,0,0,1
25,1,0,1,0,1,1
49,3,0,1,0,0,1
55,0,1,1,0,1,1
24,3,0,1,0,1,1
23,5,32,0,0,0,0
67,0,0,0,0,0,1
34,3,1,1,0,0,1
33,1,0,1,1,1,1
31,6,0,0,0,0,1
25,0,0,1,1,0,1
44,10,5,1,1,0,1
30,21,1,1,0,1,1
21,1,1,1,0,1,1
43,2,7,1,0,0,1
22,0,1,1,0,0,1
23,7,1,1,0,1,0
25,2,4,0,0,1,1
22,1,1,0,0,0,1
26,4,0,1,0,1,0
29,0,0,1,0,1,1
21,0,0,1,0,0,1
26,6,3,0,0,1,0
30,0,-1,0,1,1,1
38,15,1,1,0,1,0
59,13,242,1,0,1,1
25,1,1,0,1,1,0
26,0,-1,0,1,1,1
39,0,3,0,0,0,1
28,0,2,0,0,0,1
23,2,13,1,0,0,1
22,2,24,0,0,0,1
45,9,54,1,0,0,0
48,0,1,0,0,0,1
19,1,1,1,0,1,1
53,0,0,0,1,0,1
45,13,0,1,0,1,1
41,14,6,1,0,0,1
27,1,14,1,0,0,1
30,0,0,0,0,0,1
37,26,1,1,0,1,0
22,0,0,1,0,1,1
23,1,7,1,0,1,1
30,3,26,1,1,1,1
51,1,1,0,0,0,1
30,1,0,0,0,1,1
28,4,29,1,0,1,1
21,0,0,1,0,0,1
40,0,1,1,0,1,1
54,4,78,0,0,1,1
22,0,-1,0,1,0,1
47,13,0,1,0,1,1
31,1,0,1,0,0,1
33,0,1,0,1,1,1
26,0,0,1,0,0,1
46,0,1,1,1,1,1
58,2,1,1,0,0,1
31,6,1,0,0,0,1
58,1,0,1,0,0,1
32,0,1,0,1,0,1
52,0,13,1,0,1,1
51,0,7,0,1,0,1
38,3,1,1,0,1,1
40,0,0,0,0,0,1
42,1,0,1,1,1,1
35,1,49,1,0,0,1
22,1,1,0,0,1,1
39,1,4,1,0,1,1
70,0,0,1,1,0,1
30,9,7,0,0,0,1
46,0,0,1,0,0,1
22,1,13,1,1,1,1
49,0,0,0,0,0,1
50,8,172,1,0,0,1
28,18,12,1,0,1,0
33,0,0,1,0,1,1
32,4,0,1,0,1,1
29,16,17,1,0,1,0
33,1,1,0,0,0,1
30,0,0,0,1,1,1
27,2,3,1,0,1,1
59,0,0,0,1,0,1
26,2,199,1,0,0,1
25,0,-1,0,0,0,1
28,5,170,1,0,1,1
33,0,0,1,1,0,1
25,0,0,1,0,1,1
42,0,0,1,0,0,1
35,0,1,1,0,1,0
43,20,1,1,0,1,0
25,0,34,1,0,1,1
33,5,-1,1,0,1,1
38,4,-1,1,0,1,1
23,0,1,1,1,0,1
29,6,1,1,0,1,1
45,1,6,1,1,1,1
44,0,2,1,0,1,1
33,9,1,0,0,1,0
25,0,2,1,0,0,1
22,0,0,0,0,1,1
30,9,243,1,1,1,0
21,2,5,1,0,0,0
41,18,33,0,0,1,0
23,1,0,1,1,1,1
22,0,10,1,0,0,1
26,2,1,1,0,1,0
28,1,0,0,0,0,1
28,14,0,1,0,1,1
24,3,44,1,0,1,0
31,1,33,1,1,1,1
39,0,1,0,0,0,1
21,1,-1,1,0,0,0
24,1,3,1,1,0,1
27,0,1,0,1,1,1
56,0,3,0,1,1,1
38,3,0,1,0,0,1
22,0,0,1,0,1,1
28,1,30,1,0,0,1
36,4,0,1,1,1,1
29,8,0,1,0,0,1
40,5,55,1,1,0,0
48,0,9,1,1,1,1
48,1,129,1,0,0,1
25,2,-1,1,0,0,1
41,1,6,1,0,0,1
53,1,0,0,0,1,1
32,4,108,1,0,1,1
21,1,1,1,0,1,1
37,0,0,0,0,0,1
56,1,1,1,0,0,1
27,3,9,1,0,1,0
29,3,1,1,0,1,1
23,0,0,0,0,1,0
43,2,4,0,0,0,1
42,1,292,1,0,0,1
29,0,28,1,1,0,1
30,0,1,1,0,1,1
45,1,1,0,0,0,1
21,5,1,0,0,1,1
26,10,0,1,0,1,0
36,0,1,0,0,0,1
20,0,0,0,0,0,0
60,0,1,1,1,0,1
43,0,3,1,0,1,1
39,0,18,0,0,0,1
38,2,8,1,0,0,1
25,5,1,1,0,1,0
30,0,2,1,0,1,1
26,3,0,1,0,1,1
23,3,5,1,1,1,0
51,19,13,1,0,1,0
23,0,11,1,1,0,1
27,0,1,0,0,1,1
41,19,42,1,0,0,0
41,3,1,1,1,0,1
20,2,58,1,0,1,1
22,1,1,1,0,0,0
23,1,178,0,0,1,1
22,0,7,0,1,1,1
25,1,1,1,0,0,1
58,1,10,1,0,0,1
45,4,3,0,0,1,1
50,3,0,1,1,0,1
31,3,0,1,0,1,1
40,2,3,1,0,1,1
66,0,1,0,0,0,1
33,11,44,1,0,1,1
40,8,0,0,0,1,1
44,0,0,1,0,1,1
27,0,1,0,1,1,1
25,7,3,0,0,0,1
39,6,2,1,0,1,1
19,3,1,1,0,1,0
21,0,2,1,0,1,1
36,1,0,0,1,1,1
40,20,1,1,0,1,1
24,1,1,0,0,1,1
21,5,1,1,0,0,0
40,23,31,0,0,1,1
38,5,3,1,0,0,1
38,1,3,0,0,1,1
26,4,0,1,1,1,0
51,0,1,1,0,0,1
20,0,0,1,0,1,0
24,0,-1,1,0,1,1
21,0,5,1,0,1,0
45,0,0,1,1,1,1
55,33,242,1,0,0,0
27,6,1,1,0,0,1
35,2,1,0,1,0,1
19,3,0,1,0,1,0
20,0,1,1,0,0,1
34,1,1,0,0,1,1
30,3,12,1,1,1,1
32,6,8,1,1,0,1
23,2,0,1,0,0,1
28,1,1,0,1,0,1
28,11,26,1,0,1,0
35,4,29,0,0,1,1
26,5,1,0,0,1,1
46,0,0,1,0,0,1
38,1,126,0,0,0,1
22,0,0,0,1,0,1
45,0,0,0,1,0,1
40,24,1,0,0,1,0
40,0,0,0,0,0,1
26,0,-1,1,0,0,1
46,4,8,1,0,1,1
22,0,2,1,0,1,1
23,0,1,1,0,0,0
31,0,0,1,0,1,0
26,0,0,0,0,1,1
59,4,0,0,0,1,1
43,1,1,0,0,0,1
29,2,0,1,0,1,1
25,24,0,1,0,0,0
23,2,1,0,0,0,1
67,0,24,1,0,0,1
30,7,0,0,1,1,1
54,4,1,1,0,1,1
37,2,1,1,0,0,1
67,2,0,0,0,0,1
38,11,18,1,0,1,1
36,9,19,1,0,0,1
46,0,0,0,0,1,1
38,17,1,0,0,1,1
36,8,1,0,0,0,1
56,1,0,1,1,1,1
26,1,1,1,0,1,1
25,9,6,0,0,0,0
46,0,1,0,0,1,1
55,0,2,1,0,0,1
50,2,0,0,0,0,1
24,7,2,0,0,1,0
45,20,46,0,0,1,1
53,0,0,0,1,0,1
29,3,0,1,0,1,0
28,25,25,1,0,1,0
25,1,0,1,0,1,1
28,0,0,1,0,1,1
19,2,22,1,1,0,0
30,3,530,1,1,0,1
24,2,49,0,0,1,0
57,0,1,0,1,0,1
61,1,1,1,0,0,1
33,7,0,0,1,0,1
43,9,0,1,0,0,1
27,0,0,0,0,0,1
34,1,1,0,1,1,1
27,7,27,0,0,1,1
35,3,0,0,1,1,1
46,2,2,1,0,0,1
23,2,2,0,0,1,0
60,1,0,1,0,0,1
30,10,1,0,0,1,1
34,5,5,1,0,1,1
23,2,71,1,0,1,0
26,10,2,1,0,1,0
26,2,0,0,1,1,1
40,4,2,0,0,0,1
23,0,1,1,0,0,1
51,7,1,1,1,1,1
25,2,3,1,1,0,1
32,12,1,1,0,1,0
23,0,0,1,0,0,0
21,1,5,1,0,0,1
30,1,21,1,0,1,1
48,1,0,1,0,0,1
20,0,0,1,0,1,1
54,0,0,1,0,0,1
25,0,1,0,1,0,1
34,2,9,1,0,0,1
27,3,2,1,1,1,1
51,0,1,1,0,0,1
37,0,1,0,0,1,1
26,3,1,0,0,1,0
20,0,1,0,1,0,1
29,4,0,0,0,1,1
44,2,1,1,0,0,1
28,2,1,1,0,1,1
46,0,0,0,0,0,1
32,6,2,0,0,1,1
52,6,6,1,1,0,1
37,0,0,0,0,0,1
48,2,1,1,0,1,1
49,1,1,0,0,1,1
34,0,2,0,0,1,1
37,0,2,1,0,0,1
61,0,2,0,0,0,1
22,0,1,0,0,0,1
31,13,471,1,0,0,0
24,1,1,1,1,0,1
37,0,0,1,0,0,1
61,1,0,0,0,0,1
36,7,0,1,0,1,1
39,1,0,1,0,0,1
36,6,0,1,1,0,1
27,9,0,1,0,1,1
38,5,41,1,1,0,1
26,3,33,1,0,1,0
42,0,1,0,0,1,1
22,2,2,0,1,0,1
21,0,1,1,0,1,1
61,1,2,0,0,1,1
31,0,8,1,0,1,1
25,1,42,0,0,0,1
53,1,0,0,0,1,1
39,8,31,1,1,0,1
24,0,0,0,0,1,1
41,6,39,1,0,1,1
26,1,1,1,1,1,1
24,2,1,1,1,1,1
31,0,0,0,1,0,1
23,0,1,0,0,1,1
21,2,35,0,0,1,0
36,0,12,1,1,1,1
41,0,-1,0,0,0,1
32,4,-1,1,0,0,1
34,7,-1,1,0,1,1
26,1,2,1,1,1,1
56,0,1,1,0,0,1
39,1,29,1,0,0,1
57,2,9,1,0,0,1
43,8,1,1,0,0,1
56,0,1,0,0,1,1
26,4,2,1,1,1,1
30,0,0,0,0,0,1
32,0,0,1,1,1,1
41,0,0,1,1,1,1
37,0,126,1,0,0,1
31,1,10,0,1,0,1
21,1,59,1,0,1,0
29,4,8,1,0,1,1
34,27,118,1,0,1,0
29,0,72,1,0,1,1
30,7,0,1,0,1,1
24,0,0,1,1,0,1
26,0,0,0,0,0,1
45,1,-1,0,0,0,1
20,3,-1,1,0,1,0
50,0,2,1,0,0,1
20,0,0,1,0,0,1
23,2,1,0,1,0,1
25,0,0,1,0,0,1
63,2,1,0,0,1,1
32,0,-1,0,1,1,1
46,13,141,1,0,0,1
23,0,0,0,1,0,1
26,2,1,1,0,0,0
34,1,0,0,0,0,1
37,4,92,1,0,1,1
33,8,0,0,0,1,1
25,0,0,0,0,1,1
22,1,1,1,1,1,1
43,0,0,0,0,0,1
56,2,0,0,1,1,1
29,11,49,1,0,0,0
27,0,0,1,1,1,1
28,1,0,1,0,1,1
77,1,2,0,0,1,1
46,2,9,1,1,1,0
35,0,1,1,0,1,1
25,1,1,0,0,1,1
36,0,0,0,0,0,1
33,2,21,0,0,0,1
55,5,300,1,0,1,1
23,3,6,1,0,1,1
20,0,1,0,0,1,1
30,4,0,1,1,1,1
44,0,42,1,0,1,1
36,1,1,1,0,0,1
25,0,1,1,0,0,1
44,1,1,0,0,0,1
39,3,0,1,1,1,1
24,3,1,1,0,1,1
30,0,1,1,0,1,1
27,1,0,1,0,0,1
52,3,24,1,0,1,1
29,11,34,1,1,0,0
25,1,1,1,0,0,1
28,5,51,0,0,1,1
22,1,0,1,1,0,1
54,2,29,1,0,0,1
52,4,1,0,0,0,1
24,1,1,0,0,1,1
33,12,2,1,0,1,0
23,1,0,1,0,1,1
27,1,21,0,0,0,1
36,4,1,0,1,1,1
57,8,5,0,0,1,1
46,0,37,0,0,0,1
60,0,0,1,0,0,1
43,0,1,1,1,0,1
25,1,0,1,0,1,1
21,0,1,1,1,1,0
42,7,1,1,0,1,1
37,0,0,0,0,0,1
23,0,0,1,0,1,1
31,0,0,0,0,0,1
35,3,1,1,0,0,1
26,0,0,0,0,1,1
25,2,1,0,0,0,1
61,1,0,1,0,1,1
46,0,1,0,0,1,1
45,20,2,1,0,0,1
21,2,8,1,0,1,1
30,0,0,0,0,0,1
24,3,39,1,0,0,1
24,3,0,0,1,0,1
20,2,52,1,0,0,0
39,0,0,0,0,0,1
48,1,5,0,0,0,1
34,1,0,1,0,1,1
24,9,3,0,0,1,0
25,2,0,1,0,0,1
31,0,1,0,0,0,1
20,1,16,1,0,1,1
29,0,89,1,0,0,0
55,0,6,1,1,0,1
30,0,1,1,0,1,1
26,9,1,0,0,0,1
39,2,0,1,0,1,1
34,15,6,1,0,1,1
31,1,1,0,0,1,1
23,0,1,1,0,1,1
22,1,0,1,0,0,1
28,1,24,0,0,0,1
28,0,0,0,1,0,1
26,5,0,1,0,1,1
20,0,-1,1,0,1,1
43,6,0,0,0,0,1
51,0,1,1,0,1,1
27,1,2,1,1,1,1
51,2,34,1,0,0,1
22,5,4,1,0,0,0
31,0,0,1,0,1,1
34,7,0,1,0,1,1
20,1,1,1,0,1,0
51,2,22,1,0,0,1
56,2,49,0,1,0,1
31,10,8,1,0,1,1
27,0,27,1,0,0,0
23,0,0,0,1,0,1
48,2,4,0,0,0,0
37,1,8,1,0,0,1
22,1,0,0,0,1,0
24,3,6,0,0,1,1
23,0,1,0,0,0,1
24,0,0,1,1,0,1
20,0,0,1,0,1,1
52,1,0,1,0,1,1
26,0,2,1,0,1,1
33,0,1,1,1,1,1
30,5,7,1,1,0,0
32,8,2,1,0,0,1
47,3,2,1,0,0,1
33,4,1,1,0,0,1
38,7,39,1,1,1,0
20,0,0,1,0,1,1
35,4,13,1,1,0,1
44,6,270,1,0,0,1
42,1,-1,1,1,1,1
44,8,4,0,0,0,1
53,18,41,0,0,1,1
35,0,1,0,1,0,1
35,1,1,0,0,1,1
21,0,0,1,0,0,0
27,2,0,1,0,1,1
30,2,0,1,0,0,1
30,0,0,0,0,0,1
26,0,0,1,1,0,1
40,0,-1,0,0,0,1
32,6,9,0,0,0,1
23,0,0,1,0,0,1
20,0,2,1,0,1,1
29,3,1,1,0,1,1
53,18,1,1,0,0,1
25,3,80,0,0,1,0
44,1,0,0,0,1,1
27,1,5,1,0,0,1
24,6,3,1,1,0,0
26,2,-1,0,0,1,1
44,9,25,1,0,1,0
32,0,1,0,0,0,1
30,10,7,1,0,1,1
25,7,127,1,0,1,0
62,0,-1,0,0,0,1
43,2,0,1,0,1,1
52,0,0,1,0,0,1
51,1,1,1,0,0,1
44,0,0,0,0,0,1
32,10,6,1,0,0,1
27,8,0,0,0,1,0
20,0,30,1,0,1,0
58,0,1,0,0,1,1
42,0,1,0,1,0,1
40,0,29,0,0,0,0
23,3,43,1,0,1,1
64,0,4,1,1,1,1
44,0,1,0,0,0,1
24,0,0,1,0,0,1
27,0,-1,0,0,0,1
26,0,2,0,0,1,1
51,1,1,0,0,0,1
21,0,0,1,0,0,1
46,1,0,0,0,0,1
21,0,1,1,0,0,1
51,2,24,1,0,1,1
24,0,0,1,1,1,1
28,5,0,1,0,1,1
19,1,3,1,0,1,1
53,1,6,1,0,0,1
52,17,29,1,0,1,1
33,1,1,1,0,1,1
21,2,1,1,1,1,0
21,2,2,1,0,0,1
28,0,0,0,1,0,1
34,1,0,0,0,0,1
38,7,1,1,0,0,1
56,0,1,1,0,0,1
31,3,0,0,0,0,1
61,4,2,0,0,1,0
22,5,19,1,0,1,0
33,0,2,1,1,1,1
31,7,1,0,0,1,1
42,5,2,1,0,1,1
32,4,6,1,1,1,0
24,1,0,1,0,1,1
37,0,0,0,0,1,1
34,1,4,1,0,0,1
39,13,1,1,0,1,0
21,3,9,1,0,1,1
38,1,4,1,0,0,1
27,6,0,0,0,1,0
40,8,43,0,0,1,1
31,10,1,1,0,1,1
25,7,3,0,0,1,0
27,7,10,1,0,1,1
48,7,0,1,0,0,1
67,3,1,1,0,0,1
38,3,1,1,0,0,0
22,0,5,1,1,1,1
52,2,3,0,0,0,1
29,8,13,1,0,1,0
42,6,1,0,0,0,1
27,0,47,1,0,0,0
26,1,13,0,0,1,1
30,0,1,0,1,0,1
55,1,0,1,1,1,1
24,2,12,0,0,1,1
34,0,116,1,0,0,1
23,0,1,0,0,0,1
30,6,6,1,0,0,1
32,0,0,0,0,1,0
23,0,3,1,0,0,1
29,0,1,1,1,0,1
31,1,1,0,1,0,1
31,0,1,0,1,1,1
34,22,1,1,0,1,0
57,19,1,1,0,1,1
37,0,0,0,0,0,1
23,1,1,1,0,1,1
34,10,0,1,0,1,0
18,4,23,1,0,1,1
39,0,0,1,0,1,1
61,15,1,1,0,1,1
34,1,1,1,0,0,1
28,0,2,0,0,0,1
62,2,3,1,0,0,1
38,0,0,0,0,0,1
57,12,50,1,0,1,0
50,10,0,1,0,0,1
27,3,3,1,1,1,0
57,0,-1,0,0,0,1
60,3,0,0,0,1,1
42,4,0,0,0,1,1
31,15,-1,1,0,1,0
30,0,0,0,0,1,1
45,0,0,1,0,1,1
37,2,0,0,0,1,1
22,1,0,1,0,0,1
27,17,1,1,0,1,1
29,2,37,1,0,1,1
21,0,0,1,0,1,1
26,0,1,0,0,0,1
26,2,4,1,0,1,1
24,0,1,1,0,1,0
29,2,1,0,0,1,1
61,11,1,1,0,1,1
38,0,1,0,0,0,1
40,3,1,1,0,0,1
28,5,0,1,0,1,1
57,0,1,0,0,0,1
58,5,1,1,0,0,1
28,1,0,1,0,1,1
29,5,258,1,0,0,1
41,2,1,0,0,0,1
52,5,6,1,0,0,1
54,8,-1,1,0,1,1
20,0,11,1,0,1,1
27,0,17,1,0,1,1
27,0,1,1,0,0,1
22,0,35,1,0,1,1
26,6,4,1,0,1,0
36,0,37,1,0,0,0
30,6,17,1,0,0,0
27,0,1,0,1,0,1
30,1,1,1,0,0,1
52,7,0,1,0,0,1
27,2,10,1,0,0,1
29,2,0,0,0,0,1
31,4,29,1,0,0,0
23,4,0,1,0,1,0
31,3,0,0,0,0,1
22,0,0,1,1,1,0
52,1,70,0,0,1,1
34,0,0,0,0,0,1
27,1,8,1,0,1,1
32,0,0,1,0,0,1
31,0,0,0,0,1,1
30,0,0,0,1,1,1
31,5,0,0,0,1,0
29,10,29,1,0,1,0
37,1,0,0,0,1,1
27,1,1,1,0,1,1
34,4,0,0,0,1,1
24,1,0,1,0,0,1
29,0,0,0,0,1,1
35,2,8,1,0,0,1
22,1,5,0,0,0,0
29,1,-1,0,1,1,1
28,12,76,1,0,1,0
32,1,21,0,0,1,1
33,3,3,1,0,1,1
29,0,0,0,0,1,1
20,1,0,1,0,1,1
31,1,17,1,0,0,0
28,0,1,0,0,0,1
46,1,29,1,1,0,1
34,1,0,1,0,0,1
27,2,132,1,0,1,1
49,0,1,1,0,0,1
30,21,0,1,0,1,1
26,8,26,0,0,1,1
38,0,4,1,1,1,1
52,6,1,1,0,0,1
27,6,0,1,0,1,1
28,2,1,0,0,0,1
48,0,11,1,0,0,1
52,0,0,1,1,0,1
26,4,0,1,1,0,1
25,1,0,1,0,1,1
39,1,1,1,0,1,1
32,0,0,0,0,1,1
60,18,3,0,0,0,1
31,0,0,1,0,0,1
25,9,0,1,0,0,0
21,0,0,0,0,0,1
24,15,2,1,0,1,0
43,22,26,0,1,0,0
36,9,3,1,0,1,1
35,2,0,0,0,1,1
23,0,0,1,0,1,1
22,2,1,1,0,1,0
26,3,2,0,0,0,1
29,2,160,1,0,1,0
34,11,0,1,0,1,0
24,1,2,1,0,0,1
29,0,1,0,0,0,1
49,6,0,0,0,1,1
52,1,0,1,0,0,1
43,1,64,1,0,0,1
21,1,1,1,0,1,0
39,6,0,1,1,1,1
21,1,86,1,0,1,0
22,0,1,1,1,1,1
20,0,0,1,0,1,1
29,6,22,1,0,1,1
22,0,1,1,1,0,1
57,1,0,0,1,0,1
52,4,1,0,0,1,1
31,4,26,0,0,0,1
28,5,27,0,0,1,1
36,2,0,1,0,1,1
21,0,3,1,0,1,1
23,2,237,1,0,1,1
24,1,0,0,1,0,1
33,4,-1,1,0,1,1
67,0,0,1,0,0,1
28,7,1,1,0,1,1
25,0,0,1,0,1,1
22,0,1,1,0,1,1
21,0,0,1,0,0,1
49,2,1,0,0,0,1
27,4,0,1,0,1,1
59,1,0,1,0,1,1
23,3,9,1,0,0,1
31,1,0,1,0,0,1
53,3,2,0,0,0,1
48,1,0,0,0,0,1
59,2,18,1,0,0,1
21,0,1,1,0,1,1
29,3,1,0,0,1,1
29,0,1,1,1,1,1
33,1,3,1,0,0,1
47,1,1,0,0,1,1
34,4,1,0,0,1,1
45,12,3,0,0,1,0
39,2,1,0,0,1,1
31,10,1,1,1,1,0
30,0,1,0,0,0,1
31,0,2,1,0,0,1
24,0,1,1,1,0,1
33,1,0,0,1,0,1
36,1,31,1,0,1,0
56,13,6,1,0,0,1
37,3,29,1,1,1,1
24,9,8,0,1,0,0
31,15,135,1,0,1,1
26,1,0,1,0,1,0
25,0,1,0,0,1,1
26,0,0,1,1,1,1
19,0,1,1,1,0,1
23,0,0,0,1,1,1
22,0,2,1,1,0,1
27,2,0,1,1,0,1
31,3,0,0,0,0,1
47,3,12,0,0,0,1
26,0,0,0,0,0,1
52,0,0,0,0,1,1
24,9,10,0,0,0,0
49,2,91,1,0,0,1
35,4,1,0,1,0,1
26,3,13,1,0,1,0
50,2,1,1,0,0,1
41,7,1,1,1,1,1
24,11,77,0,1,1,0
36,1,1,0,0,0,1
32,2,1,0,0,1,1
22,4,2,0,0,0,0
33,3,11,0,0,0,1
24,0,1,1,0,1,1
22,1,-1,1,0,1,1
23,2,7,1,0,0,1
25,2,0,0,1,0,1
54,0,0,0,1,0,1
22,0,0,0,0,0,1
41,0,0,0,1,0,1
21,2,8,0,0,0,0
30,1,0,1,1,1,1
41,8,2,1,0,1,1
27,7,4,1,0,1,0
21,2,86,1,0,1,0
20,2,23,1,1,1,0
27,2,62,1,1,0,1
27,0,1,1,0,0,1
48,7,4,0,0,1,1
34,3,0,0,0,0,1
35,1,-1,0,0,1,1
58,3,2,1,0,0,1
27,2,1,1,0,0,1
62,22,33,1,0,1,0
32,0,0,1,0,1,1
54,0,1,1,0,1,1
41,9,2,0,0,1,0
22,1,1,1,0,0,1
35,0,87,1,0,0,1
19,0,2,0,0,0,1
28,5,51,1,0,1,0
25,4,43,1,0,1,1
37,3,0,0,0,1,1
32,1,0,1,1,0,1
20,0,-1,0,1,1,1
24,0,0,0,1,0,0
49,1,0,0,0,1,1
20,1,35,1,0,0,0
44,16,81,0,0,0,1
23,2,19,0,0,0,1
38,0,0,1,1,0,1
60,19,39,1,0,1,0
41,0,1,1,1,0,1
21,1,0,0,0,1,0
37,0,0,1,0,1,1
28,0,0,1,0,0,1
64,0,0,0,0,0,1
59,15,14,0,0,1,1
61,0,2,0,0,0,1
34,0,1,1,0,1,1
49,4,35,0,0,1,1
39,2,18,1,0,0,1
24,0,0,1,1,1,1
46,3,14,1,0,0,1
22,1,236,1,0,0,1
35,2,13,1,0,0,1
34,6,0,1,1,1,1
56,0,0,0,1,0,1
28,14,0,1,0,0,0
57,0,0,0,1,0,1
23,2,2,1,0,1,1
30,6,2,1,0,1,1
35,12,0,1,1,1,1
42,0,4,0,0,0,1
43,0,1,0,0,1,1
32,6,2,1,0,0,1
41,1,0,1,0,0,1
61,2,0,0,0,1,0
35,7,2,1,1,1,1
24,0,0,0,1,0,1
45,0,3,0,0,0,1
40,3,1,1,0,1,1
20,0,0,1,1,1,1
38,9,13,1,0,1,0
54,3,0,1,0,0,1
69,0,0,1,0,0,1
22,2,1,1,0,1,1
49,29,0,1,0,1,1
40,0,1,1,0,1,1
20,0,209,1,0,1,0
43,0,0,0,0,0,1
35,1,28,0,1,0,1
50,5,31,1,0,1,1
26,1,7,0,0,1,1
24,2,0,0,0,1,1
38,0,0,1,1,0,1
26,4,0,1,0,1,0
40,1,41,1,0,0,1
26,0,0,0,1,1,1
46,0,1,1,0,0,1
49,0,1,0,1,0,1
33,2,14,1,0,0,1
26,1,-1,1,0,0,1
60,0,2,1,0,1,1
21,1,1,1,0,1,1
54,4,3,1,0,1,1
20,0,2,1,1,1,1
36,13,2,1,0,1,0
26,0,1,1,0,1,1
34,0,0,0,0,0,1
53,0,1,1,1,0,1
37,0,0,1,0,0,1
24,6,7,1,0,0,0
27,1,0,1,0,0,1
33,2,1,0,0,1,1
29,0,1,1,0,1,1
36,0,0,0,0,0,1
43,0,1,0,1,1,1
55,0,30,0,0,0,1
37,0,13,1,0,1,1
38,9,2,1,0,1,1
27,1,1,1,0,1,1
33,0,0,1,0,0,1
27,0,1,1,0,0,1
27,2,1,0,0,1,0
31,15,104,1,0,1,0
37,8,1,1,0,1,1
29,2,1,1,0,1,1
52,1,0,1,0,0,1
31,7,1,0,0,0,0
39,3,1,1,0,1,1
26,5,6,1,0,1,1
29,0,1,0,0,1,0
26,1,0,0,0,0,1
34,0,31,1,1,0,0
29,0,2,1,0,1,0
47,4,0,1,0,1,1
34,5,0,1,0,0,1
21,1,1,1,0,1,1
58,24,3,1,0,1,1
30,8,0,1,0,1,1
21,1,22,1,0,1,1
42,1,51,1,0,0,1
74,0,0,0,0,0,1
20,0,1,0,0,0,1
26,0,0,0,0,1,1
42,1,-1,0,0,0,1
35,2,1,0,0,1,1
34,10,1,1,0,1,1
56,24,6,1,0,1,0
31,2,-1,1,0,1,1
39,10,0,1,1,0,1
20,1,1,1,0,1,1
29,4,3,1,0,0,1
37,0,35,1,0,0,1
27,2,83,1,0,1,1
47,4,64,1,0,1,0
34,5,4,1,0,1,1
25,0,1,0,0,0,1
47,4,0,0,1,1,1
23,2,0,1,0,1,1
38,0,1,1,0,0,1
29,3,0,1,1,0,1
45,2,11,1,1,1,1
32,2,19,1,0,1,0
59,0,1,0,0,0,1
26,7,0,1,0,0,0
29,5,0,1,0,1,0
44,4,1,1,0,0,1
54,2,188,1,0,0,1
30,4,0,0,0,0,1
47,5,2,1,0,1,1
69,0,0,1,0,0,1
25,1,-1,1,0,1,1
38,2,0,1,0,0,1
58,16,68,1,0,1,1
34,0,-1,1,0,1,1
42,0,0,0,1,0,1
32,1,0,1,0,0,1
47,0,0,0,0,0,1
25,0,0,0,0,1,1
34,5,1,1,0,0,1
41,6,1,1,0,1,1
36,1,1,0,1,1,1
43,2,2,0,0,1,1
52,2,33,1,0,1,0
23,0,7,1,0,0,1
52,0,0,0,0,0,1
21,1,0,1,1,1,1
34,27,0,0,0,1,1
23,0,0,1,1,1,1
37,3,2,0,0,0,1
49,3,0,1,0,1,1
22,11,0,1,0,1,0
33,13,0,1,0,1,1
44,0,1,0,0,0,1
30,1,33,1,0,0,0
54,10,30,1,0,1,1
34,2,1,0,0,0,1
30,19,9,1,0,1,0
36,1,6,1,1,1,1
29,3,0,1,0,0,1
23,1,0,0,1,0,1
23,4,2,1,0,0,0
27,1,2,0,0,1,1
31,1,39,1,0,0,1
28,9,36,1,0,0,0
30,0,1,0,0,0,1
23,0,2,1,0,1,0
22,1,0,1,0,1,1
43,0,0,0,0,0,1
47,5,0,0,0,0,1
31,3,1,1,0,0,1
66,11,5,1,1,1,0
31,0,2,1,0,1,1
26,7,2,1,0,1,0
36,0,280,1,0,1,1
36,1,0,0,0,0,1
52,1,0,1,0,0,1
43,0,0,0,1,0,1
44,2,1,1,0,1,1
24,1,0,1,1,1,1
24,0,182,1,0,1,1
33,6,0,0,0,1,1
56,6,0,1,0,0,1
27,3,1,0,0,1,1
27,4,1,1,0,1,1
42,0,7,1,0,1,1
25,2,0,1,1,1,0
41,0,0,0,0,0,1
53,6,8,0,0,1,1
51,3,0,1,0,1,1
52,0,0,0,1,0,1
34,12,34,1,0,1,1
40,1,0,1,0,1,1
40,21,29,1,0,1,1
36,9,1,0,0,0,1
33,9,0,1,0,0,1
41,7,58,1,0,1,0
24,2,2,1,1,0,1
34,1,0,1,0,1,1
45,13,6,0,0,1,1
31,3,15,1,0,1,1
27,1,16,0,0,1,1
23,0,2,0,0,0,1
48,1,2,1,0,0,1
30,14,22,1,0,1,1
55,17,25,1,0,1,0
65,0,1,0,1,0,1
53,1,1,0,0,0,1
44,1,0,1,0,0,1
68,6,2,0,0,1,1
55,0,10,0,0,0,1
61,1,-1,0,1,0,1
31,8,3,0,0,1,0
37,3,241,1,0,0,0
28,5,34,1,0,1,0
24,14,180,1,0,1,0
61,0,0,1,0,0,1
51,8,25,0,0,1,1
51,5,4,0,0,1,1
29,2,2,0,0,1,1
22,0,0,0,0,1,1
27,4,1,1,0,1,1
43,0,1,1,0,1,1
40,4,2,1,1,0,1
29,2,3,1,0,0,1
36,2,46,0,0,1,0
26,0,1,1,0,0,1
23,3,33,1,0,1,0
30,7,17,0,1,0,1
26,7,1,1,0,1,0
25,1,0,1,0,1,1
33,8,2,1,0,1,1
22,0,1,1,0,1,1
27,0,1,0,0,0,1
28,6,5,0,0,1,1
51,4,7,0,0,1,1
31,5,11,1,0,1,1
21,6,0,1,0,1,0
34,2,0,1,0,0,1
34,5,1,1,1,1,1
26,0,1,1,0,0,1
48,4,1,1,0,0,1
20,0,0,1,0,1,1
47,0,0,0,1,1,1
39,1,0,1,0,0,1
29,0,0,1,1,0,1
53,6,0,1,0,1,1
25,4,1,1,0,0,1
20,5,1,1,0,1,0
27,5,6,1,0,0,1
43,2,-1,1,0,1,1
29,0,0,0,0,0,1
24,1,0,1,0,1,1
20,1,1,1,0,0,1
39,1,0,1,1,1,1
47,0,1,0,0,0,1
28,5,1,0,0,1,1
31,4,5,1,0,0,1
23,2,1,1,0,0,1
50,8,11,1,0,0,1
25,6,0,0,0,1,1
27,0,0,0,1,0,1
57,1,25,1,0,1,1
37,2,1,0,1,0,1
24,1,10,1,0,0,1
42,7,0,1,0,1,1
71,1,3,0,0,0,1
21,0,0,1,0,0,1
30,3,12,1,0,0,1
42,1,2,0,0,0,1
26,0,0,1,1,0,1
33,0,0,1,0,1,1
33,0,0,0,0,0,1
39,21,0,1,0,1,0
56,1,1,1,1,0,1
25,0,0,0,0,1,1
37,0,1,0,1,1,1
27,1,2,0,0,1,1
30,6,0,0,0,0,1
56,31,0,1,0,1,1
29,1,0,1,0,0,1
52,6,33,0,1,0,1
22,0,0,0,0,1,1
28,0,0,1,0,0,1
24,5,1,1,0,1,0
52,2,3,1,0,1,1
32,1,2,1,0,0,1
30,1,0,1,0,0,1
50,4,13,1,1,1,1
48,3,1,1,0,1,1
37,2,1,0,0,0,1
27,10,7,1,0,1,0
32,0,0,1,1,0,1
21,3,-1,1,0,1,1
55,0,0,0,0,0,1
34,0,1,1,0,0,1
22,3,7,1,0,1,1
49,0,0,1,0,0,1
30,1,2,1,0,0,1
30,4,1,0,0,1,1
43,1,0,0,0,0,1
24,3,0,1,0,1,1
37,1,3,1,0,1,0
63,0,3,0,0,0,1
67,0,42,0,0,0,1
20,1,0,1,0,1,0
24,0,1,0,1,0,1
51,0,0,0,0,0,1
30,13,1,1,0,0,0
29,1,2,0,1,0,1
26,1,14,0,0,1,1
59,2,6,0,0,0,1
27,0,0,0,0,1,1
21,0,1,0,0,1,0
21,1,36,1,0,0,1
50,18,248,1,0,1,0
23,1,1,1,0,1,0
29,0,-1,0,0,0,1
21,1,1,1,0,1,0
30,1,0,0,0,0,1
63,0,0,0,1,0,1
29,0,47,1,1,0,1
31,0,0,0,1,0,1
33,3,0,1,0,1,1
32,0,7,1,0,0,1
26,0,0,0,0,1,1
44,0,1,1,0,1,1
35,4,353,1,0,1,0
26,2,3,1,0,1,1
34,15,1,1,0,0,1
45,1,0,0,0,0,1
31,5,0,0,0,1,0
43,3,2,0,0,0,1
55,13,0,1,0,0,1
28,2,6,0,0,1,1
42,2,1,1,0,0,1
36,7,7,1,1,0,1
31,2,1,1,0,1,1
29,0,2,1,1,1,1
22,0,0,0,0,0,1
29,5,1,1,0,1,0
24,4,0,0,0,0,0
28,2,3,1,0,0,0
29,1,1,1,1,0,1
20,1,40,1,0,0,1
40,2,1,1,0,1,1
35,1,0,1,0,1,1
21,2,28,1,0,1,1
49,7,3,1,0,0,1
28,1,1,0,0,1,1
37,5,6,0,0,1,1
52,6,1,0,0,1,1
41,3,1,0,0,0,1
26,1,0,1,0,1,1
55,0,-1,0,0,0,1
26,0,0,0,1,0,1
26,1,0,0,0,1,1
41,13,0,1,0,1,0
37,4,1,1,0,1,1
22,0,32,1,0,1,1
26,7,19,1,0,1,1
33,0,7,0,1,1,0
44,1,1,1,0,0,0
27,2,0,1,0,1,1
44,0,0,0,1,0,1
50,0,0,1,0,1,1
55,0,0,1,0,0,1
34,4,1,1,0,0,1
46,0,0,1,0,0,1
31,0,0,1,0,1,1
26,1,0,1,0,1,1
22,0,0,1,1,1,1
26,2,21,1,0,1,1
25,21,117,1,0,1,0
25,2,0,1,0,0,1
27,8,1,1,0,0,1
35,1,0,1,0,1,0
22,2,13,0,0,0,1
22,0,0,1,0,1,1
37,5,1,1,0,0,1
30,0,-1,1,0,0,1
27,2,1,1,0,1,0
29,0,1,0,1,0,1
50,5,5,1,0,0,1
25,1,0,1,0,1,1
21,1,0,1,0,0,1
28,9,1,1,0,1,0
24,1,0,1,1,1,1
26,10,5,0,0,1,1
24,0,1,1,1,0,0
31,3,61,1,1,1,1
59,1,62,0,0,1,1
35,6,0,1,0,1,1
59,1,0,1,0,0,1
30,0,0,1,0,1,1
19,3,30,1,0,1,1
61,2,3,1,0,0,1
29,16,33,1,0,1,0
30,11,6,1,1,1,1
27,8,0,0,0,1,1
54,0,-1,0,0,0,1
36,1,40,1,0,0,1
58,3,-1,0,0,0,1
36,16,1,0,0,1,0
36,0,0,1,0,1,1
37,0,0,0,0,0,1
28,4,0,0,0,1,1
24,2,10,1,0,1,1
28,9,12,0,1,1,0
21,1,1,1,0,0,0
30,1,1,1,1,0,1
29,0,12,1,0,1,1
36,0,0,0,0,1,1
59,1,0,1,0,0,1
27,0,0,0,1,0,1
37,2,51,1,0,0,1
31,0,30,1,0,0,0
53,6,10,1,1,0,1
29,3,1,1,0,0,1
26,0,0,1,0,0,1
26,0,1,1,0,1,1
31,6,31,1,0,1,0
34,5,0,0,0,1,1
25,13,5,1,0,0,1
22,1,1,0,0,1,1
40,7,6,1,1,0,1
24,0,0,0,0,0,1
34,3,0,0,0,0,1
21,0,1,1,0,1,0
21,0,0,1,0,0,1
24,0,15,1,0,0,1
30,10,93,1,0,1,0
36,0,0,1,0,0,1
35,5,0,1,1,1,1
22,0,6,1,0,0,1
33,1,4,0,1,0,1
26,4,1,1,0,1,1
41,1,62,1,0,0,1
51,8,1,1,0,0,1
21,1,242,1,0,1,0
29,1,14,1,0,0,1
27,1,0,1,0,1,1
20,2,0,1,0,1,0
24,1,0,0,0,1,1
39,1,2,1,1,1,1
35,0,-1,1,1,0,1
27,6,1,1,0,0,1
31,1,0,1,1,0,1
23,0,1,0,0,1,1
53,4,-1,1,0,0,1
45,1,1,1,1,0,1
21,0,0,0,0,1,0
52,0,0,1,0,1,1
28,5,2,1,0,1,1
38,0,0,1,0,0,1
35,0,57,0,0,1,0
49,0,0,1,0,0,1
53,0,0,0,1,0,1
42,0,1,1,1,0,1
33,0,0,0,1,0,1
29,1,2,1,0,0,1
22,1,17,1,0,0,1
23,4,133,0,1,0,0
34,20,26,1,0,1,0
28,1,9,1,1,0,1
35,2,-1,1,0,1,1
28,12,1,1,0,1,1
27,1,44,1,1,1,1
62,3,1,0,0,1,1
28,0,0,1,1,0,1
21,1,15,0,0,1,1
30,0,10,1,0,0,1
30,0,1,1,0,0,1
50,1,40,0,0,0,1
30,0,1,1,0,0,1
29,2,0,0,0,1,1
30,6,0,0,0,0,1
25,0,1,1,0,1,1
30,0,0,1,0,1,1
27,6,34,1,0,1,0
41,0,1,1,1,0,1
55,4,5,1,0,0,1
25,4,32,1,0,1,1
30,1,-1,1,0,1,0
25,2,0,1,0,1,1
34,5,1,1,0,0,1
43,0,1,0,1,0,1
49,3,34,1,0,0,0
62,0,1,0,0,0,1
21,3,4,1,0,1,1
28,3,4,1,1,1,1
32,5,1,0,0,1,1
20,0,25,1,0,0,1
22,1,103,1,0,1,0
45,6,1,1,0,1,1
48,6,5,1,0,0,1
42,2,0,1,0,0,1
24,1,57,1,0,1,1
35,4,11,1,0,1,1
24,4,1,1,0,1,1
39,1,10,0,1,0,1
42,3,0,1,1,0,1
39,16,35,1,0,0,0
19,1,8,1,0,0,0
66,0,1,0,0,0,1
29,3,1,0,0,1,1
25,7,0,1,0,0,0
23,1,0,1,0,1,1
29,5,0,1,0,0,1
39,0,0,0,0,1,1
32,4,44,1,0,1,1
23,3,1,0,0,0,1
44,3,0,1,0,0,1
20,1,2,1,0,1,0
54,10,0,1,0,1,1
22,1,4,1,0,1,0
24,0,2,1,1,1,1
34,1,23,1,0,1,1
49,1,24,1,0,1,1
46,15,6,1,0,1,1
26,3,47,1,0,1,1
35,0,0,1,0,1,1
25,5,0,0,0,0,1
24,0,1,0,0,0,1
34,0,108,1,0,0,1
61,20,30,0,0,1,1
35,3,1,0,0,0,1
35,1,1,0,0,1,0
45,6,1,1,1,0,1
69,5,1,1,1,0,1
27,0,1,0,0,1,1
26,1,27,1,1,1,1
27,2,7,0,0,1,1
28,10,3,0,1,1,1
21,0,-1,1,0,0,1
24,1,0,1,0,1,1
26,2,3,1,0,0,1
26,0,0,1,0,0,1
22,3,1,0,0,1,0
24,0,1,1,0,0,1
21,0,42,1,0,1,1
44,6,2,1,1,1,1
47,3,7,0,0,1,1
54,2,1,0,0,0,1
47,0,0,0,0,1,1
53,0,0,1,0,0,1
35,8,62,0,0,1,1
29,0,0,0,0,0,1
32,2,0,0,0,0,1
44,3,2,0,0,1,1
22,1,36,1,0,1,0
23,0,0,1,0,1,1
25,0,1,0,0,1,1
24,0,36,1,0,0,1
32,0,2,1,0,1,1
26,8,1,1,0,1,0
35,0,0,1,0,1,1
39,2,47,0,0,1,1
48,1,167,0,0,0,1
51,5,20,0,1,0,1
39,3,1,1,0,0,1
43,8,348,1,0,1,1
36,5,11,1,0,1,1
27,0,1,0,0,1,1
50,7,1,1,0,1,1
22,8,39,1,0,1,1
24,1,0,1,0,0,1
67,8,1,1,0,1,1
66,5,0,1,0,1,1
28,11,2,1,0,1,1
52,1,3,1,0,0,1
25,0,1,1,0,1,1
21,0,1,1,1,0,1
29,5,1,1,1,1,1
32,1,0,1,0,1,1
50,1,9,1,0,0,1
20,0,11,0,0,1,0
26,2,0,1,0,1,1
44,6,194,1,0,1,1
31,5,1,1,0,0,1
36,0,0,0,1,1,1
27,2,0,1,0,1,1
20,1,1,1,0,1,0
35,0,0,0,1,0,1
47,19,212,1,0,1,0
21,3,22,1,0,0,1
56,0,1,0,0,0,1
29,0,1,0,0,1,1
37,0,0,1,0,0,1
22,1,1,0,0,1,1
38,14,4,1,1,1,0
31,2,1,1,1,0,1
51,3,16,1,0,0,1
68,0,3,0,0,0,1
24,1,0,0,0,1,1
22,1,0,1,0,0,1
22,1,1,1,0,1,1
25,3,0,1,0,0,1
36,0,0,1,0,1,1
36,25,0,0,0,1,0
30,0,0,0,0,1,1
50,0,0,0,0,0,1
35,2,5,1,0,1,1
30,0,0,0,0,1,1
21,1,49,1,0,1,0
30,1,3,0,0,0,1
25,0,1,1,0,0,1
24,0,0,1,0,1,1
25,0,1,0,0,1,1
26,7,68,0,0,0,1
29,2,0,0,0,0,1
28,2,2,0,0,1,1
24,4,3,1,0,1,1
35,13,5,1,0,1,0
28,5,51,1,0,1,1
48,1,0,0,1,0,1
23,0,0,1,0,1,1
21,1,2,1,0,1,1
49,4,0,0,0,1,1
37,1,1,0,0,0,1
28,3,1,1,0,0,1
27,0,0,1,1,0,1
24,3,0,1,1,1,0
29,13,1,1,0,1,0
23,4,-1,1,0,0,1
29,0,1,1,0,1,1
25,0,0,1,0,1,1
52,4,7,1,0,0,1
59,1,1,1,0,1,1
30,7,38,1,0,1,0
50,0,30,1,0,0,1
51,0,1,1,1,0,1
26,3,0,1,1,1,1
43,0,0,0,1,0,1
49,4,5,1,0,0,1
54,4,1,1,0,1,1
21,0,6,1,0,0,1
62,0,3,0,1,0,1
27,0,0,0,0,1,1
21,0,1,0,0,0,1
61,12,241,1,0,1,1
34,0,1,1,0,1,0
53,20,3,1,0,1,1
23,5,4,1,0,1,0
30,0,0,1,0,0,1
55,5,3,1,0,1,1
31,5,1,1,0,0,1
31,0,80,1,0,0,0
33,2,-1,0,0,1,1
28,7,1,1,0,1,0
28,1,0,1,0,1,1
43,4,0,0,0,1,1
27,9,799,1,0,1,0
19,2,1,1,0,1,0
44,0,0,0,0,0,1
21,3,127,1,0,0,0
26,8,1,1,0,1,1
36,11,2,0,0,0,1
21,0,1,1,0,1,1
47,1,0,1,0,1,1
52,0,0,1,1,1,1
46,0,1,1,0,0,1
27,10,1,1,0,1,1
24,2,3,1,1,1,1
30,1,-1,1,0,0,1
28,5,3,1,0,1,1
66,0,0,0,0,0,1
58,0,0,1,0,0,1
26,0,1,0,0,0,1
26,1,0,0,0,1,1
20,0,0,1,0,1,1
21,0,0,1,0,1,1
23,0,3,0,0,1,0
26,0,0,0,0,0,1
36,0,0,1,0,1,1
53,2,7,1,0,1,1
22,0,0,0,1,0,1
41,8,65,1,1,1,0
29,6,0,1,0,1,0
29,8,6,1,0,1,0
23,2,116,1,1,1,0
39,0,18,1,0,1,1
21,0,0,0,1,1,1
38,3,1,1,0,0,1
30,0,-1,0,0,0,1
26,5,0,0,0,0,1
31,16,0,1,0,1,0
32,22,0,1,0,1,0
50,0,0,0,0,1,1
27,12,1,1,0,1,0
24,0,0,1,1,0,1
21,0,1,1,0,1,1
21,1,0,1,0,0,1
20,4,376,1,0,1,0
55,1,0,1,0,0,1
40,6,0,1,0,0,1
34,16,1,1,0,1,0
20,0,1,0,0,1,1
59,1,0,0,0,0,1
21,1,0,1,0,1,0
39,0,1,1,0,0,1
52,0,0,0,1,0,1
30,1,7,0,0,0,1
19,1,0,0,0,0,1
26,4,2,1,0,0,1
56,0,6,1,0,1,1
23,0,0,0,0,1,1
29,1,0,0,0,1,1
23,0,1,1,0,1,1
37,2,7,1,0,1,1
34,0,0,0,0,0,1
55,0,0,1,0,1,1
29,1,1,1,1,0,1
51,0,0,0,0,0,1
62,0,0,0,1,0,1
34,13,0,1,0,1,1
54,2,39,0,0,0,1
31,1,1,1,0,0,1
56,1,0,1,0,0,1
37,0,1,0,0,0,1
29,0,-1,0,1,0,1
55,0,0,0,0,0,1
35,4,2,1,1,1,1
28,3,8,0,0,1,1
47,0,1,0,0,0,1
45,0,1,0,0,0,1
34,12,1,1,0,1,1
36,17,15,1,0,1,0
36,0,0,0,1,0,1
46,9,115,1,0,1,0
24,0,15,0,0,1,0
30,1,1,1,0,0,1
29,9,14,1,1,1,1
25,3,2,0,0,1,1
46,2,1,0,0,1,1
32,17,112,1,0,1,0
40,5,30,1,0,1,1
55,0,0,0,0,0,1
43,2,1,1,0,0,1
33,7,78,1,0,1,1
26,0,1,1,0,0,1
34,14,3,1,1,1,0
68,2,0,1,0,1,1
35,4,1,0,0,1,1
49,1,1,1,0,0,1
34,0,1,0,1,1,1
34,1,2,1,1,1,1
28,2,2,1,0,0,1
23,2,22,1,0,1,1
28,0,0,1,1,1,1
48,20,46,1,0,0,0
40,5,55,1,0,1,0
41,13,2,1,0,1,1
23,2,1,1,1,1,1
28,3,0,1,0,1,1
23,1,1,1,1,1,0
32,4,3,1,0,1,0
25,2,0,1,0,0,1
30,3,65,1,0,0,1
23,1,0,1,0,1,1
28,0,0,1,0,0,1
26,0,0,1,0,0,1
20,0,0,1,1,1,1
46,0,1,1,0,0,1
24,0,0,0,1,1,1
53,10,4,1,1,1,1
20,0,1,1,0,0,1
22,0,0,1,0,0,1
46,26,167,1,0,0,1
35,5,6,1,0,1,0
21,3,0,1,0,1,1
32,3,0,1,0,0,1
37,3,0,0,0,0,1
31,7,77,1,0,1,1
34,0,0,0,1,0,1
21,0,46,1,0,1,1
42,1,0,1,0,1,1
50,9,28,0,0,0,1
20,0,-1,1,0,1,1
50,9,424,1,0,0,1
30,0,2,1,1,0,1
36,7,1,1,0,1,1
26,7,1,1,0,0,1
38,1,1,0,1,0,1
30,2,18,0,0,1,1
25,0,2,1,0,1,1
36,1,0,0,1,0,1
29,0,0,0,0,0,1
35,0,15,0,0,0,0
35,2,0,1,0,0,1
44,6,118,1,0,0,1
49,0,1,1,0,0,1
29,0,0,1,1,1,1
20,1,2,1,0,1,1
22,0,0,0,0,1,1
39,1,13,1,0,1,1
34,1,1,1,0,1,1
32,8,4,1,0,1,1
21,0,2,1,0,1,1
23,0,2,1,0,1,1
27,1,1,1,0,0,1
47,3,3,0,0,0,1
31,0,-1,1,1,1,1
25,3,1,1,0,1,1
49,0,0,0,0,0,1
27,0,1,1,1,0,1
27,2,0,1,0,0,1
35,6,10,1,0,1,0
28,0,0,1,0,0,1
30,3,206,0,0,1,1
24,2,1,1,0,1,1
39,0,0,0,0,0,1
21,0,3,1,0,1,1
45,1,0,0,1,0,1
31,16,482,1,0,0,0
45,3,1,0,0,1,1
26,4,1,0,1,0,1
29,0,343,1,1,0,1
62,3,0,0,0,0,1
31,0,67,1,0,0,1
25,0,21,0,0,0,1
30,0,0,0,0,0,1
26,0,2,1,0,0,1
32,8,7,0,1,0,1
26,1,0,0,1,0,1
53,0,1,0,0,1,1
30,4,54,0,0,1,0
23,0,1,1,0,1,1
58,1,79,1,0,0,1
44,1,0,1,1,0,1
27,0,3,1,0,1,1
31,9,26,1,1,0,1
26,0,1,0,1,1,0
33,12,1,1,0,1,0
32,14,1,1,0,1,0
34,11,1,1,0,1,0
25,5,14,0,0,0,0
43,0,1,0,1,1,1
22,3,8,1,0,1,1
21,0,35,0,0,1,0
22,1,0,0,0,1,1
26,0,3,0,0,0,1
57,1,19,1,0,0,1
46,0,2,0,1,0,1
29,15,1,1,0,1,1
24,1,0,1,1,1,1
44,0,0,0,1,0,1
24,3,3,0,0,0,0
44,2,-1,0,0,0,1
49,0,0,1,0,0,1
20,0,1,1,0,1,1
37,1,8,1,1,1,1
26,0,173,1,0,0,1
23,2,6,1,0,1,0
49,3,0,1,0,1,1
56,1,0,0,0,1,1
27,1,16,0,1,1,1
59,0,1,0,0,0,1
55,0,0,1,0,0,1
38,8,1,0,0,1,1
27,6,34,1,0,0,1
23,6,8,1,0,1,0
29,5,2,1,0,1,0
29,6,0,0,0,1,1
33,4,1,1,0,1,1
57,11,140,1,0,1,1
64,0,0,1,1,0,1
20,0,0,1,0,0,1
39,1,14,1,0,0,1
55,0,1,1,1,0,1
50,3,33,1,0,0,0
33,1,0,1,0,0,1
33,5,1,0,0,0,1
24,2,15,0,0,0,1
24,0,0,1,0,0,1
24,4,0,1,0,0,1
35,7,1,1,1,1,1
51,3,0,0,1,1,1
33,2,0,1,0,1,0
56,2,16,0,0,0,1
30,3,2,0,0,0,1
34,0,2,1,0,0,1
43,8,1,0,0,1,1
31,1,117,0,0,0,1
23,1,9,0,0,0,1
32,0,1,1,1,0,1
37,1,0,0,0,0,1
25,8,0,1,0,1,0
34,5,1,0,0,0,1
26,5,3,1,0,1,0
26,2,0,1,0,0,0
22,2,1,0,0,1,1
29,1,0,0,0,1,1
27,1,28,0,0,0,1
39,9,0,1,0,1,1
42,1,6,0,0,1,1
58,21,59,0,0,1,1
96,2,0,1,0,0,1
25,0,0,0,1,0,1
23,1,0,0,1,0,1
39,1,-1,0,0,1,1
28,7,0,1,0,1,0
40,10,4,1,0,0,1
22,3,1,0,1,1,0
49,0,-1,1,0,0,1
23,0,0,1,0,1,1
37,13,1,1,0,0,1
34,1,0,1,0,0,1
33,0,1,0,0,0,1
42,0,6,0,0,0,1
27,0,60,1,0,1,0
42,2,0,1,0,1,1
24,0,22,1,0,1,1
26,0,1,1,0,1,1
48,0,1,1,1,0,1
50,11,2,1,0,1,0
29,8,0,0,0,1,0
22,0,1,1,1,1,1
24,3,0,0,0,1,1
25,2,64,0,0,0,1
26,3,3,1,0,1,0
53,0,0,1,1,1,1
51,1,17,1,0,0,1
35,7,1,1,0,1,1
35,7,0,1,0,1,1
36,1,-1,0,1,1,1
29,6,39,1,0,1,0
68,5,0,1,1,1,1
35,7,1,1,0,1,1
25,3,0,0,0,1,0
35,0,1,0,0,0,1
32,4,1,1,0,1,1
22,0,6,1,1,1,1
27,0,0,1,0,0,1
26,1,0,0,0,0,1
29,6,0,1,0,0,1
23,0,0,1,0,0,1
26,5,2,1,0,1,1
47,0,0,0,1,0,1
31,6,0,1,0,1,0
22,3,0,1,0,1,1
57,0,6,1,0,0,1
46,2,19,1,1,0,0
39,3,2,0,1,1,1
32,5,-1,1,1,1,1
35,1,0,1,0,1,1
34,21,33,1,0,1,0
61,0,6,0,0,0,1
30,18,61,1,0,1,0
33,0,0,1,0,1,1
51,6,18,0,0,0,1
47,1,0,0,0,0,1
34,0,1,0,0,0,1
54,2,0,1,1,0,1
24,1,0,1,0,1,1
26,7,1,0,0,0,1
50,3,14,1,0,0,1
21,0,1,0,0,1,1
27,2,0,1,0,0,1
73,0,1,0,0,0,1
44,0,3,1,0,1,1
25,5,0,1,0,1,0
28,3,1,1,1,1,1
40,0,-1,0,0,0,1
46,1,0,1,1,0,1
29,4,0,0,0,0,1
26,24,0,1,0,1,0
21,2,27,0,0,0,0
55,0,0,0,0,1,1
29,0,0,1,0,1,1
23,0,0,0,0,0,1
39,1,0,1,1,1,1
48,5,0,1,0,1,1
29,17,15,1,0,1,0
57,0,1,1,0,1,1
37,0,0,0,0,0,1
32,3,1,0,1,1,1
25,1,59,1,0,0,0
39,2,1,1,0,0,1
56,5,0,0,0,0,1
59,0,1,0,0,1,1
22,1,0,1,0,1,1
32,0,0,0,0,1,1
47,2,6,1,0,0,1
58,3,0,0,0,0,1
53,1,0,0,0,0,1
36,9,57,1,0,1,1
32,9,0,1,0,1,0
38,0,2,1,0,0,1
23,1,3,0,0,1,0
36,5,0,1,0,1,1
28,0,0,0,1,1,1
39,4,40,1,0,1,1
26,2,-1,0,0,0,1
39,4,3,1,1,1,1
25,0,90,1,0,1,1
41,2,0,0,1,1,1
34,0,1,0,1,0,1
40,6,1,1,0,1,1
30,1,2,0,0,1,1
24,3,-1,1,0,0,1
22,0,32,1,0,0,1
22,0,0,1,0,1,0
28,3,45,0,1,0,1
60,0,13,1,1,0,1
20,0,0,1,1,0,1
56,4,2,1,0,1,1
30,3,0,0,0,0,1
41,3,0,0,0,0,1
21,0,1,1,0,1,0
29,4,0,1,0,0,0
35,3,9,1,0,0,1
25,2,1,1,0,1,1
52,0,-1,0,1,1,1
24,2,2,0,0,1,0
68,0,0,0,0,0,1
24,0,0,0,0,1,1
55,21,85,1,0,1,1
20,8,1,1,0,0,0
27,11,5,1,0,1,1
29,5,5,1,0,1,1
28,2,0,1,0,0,1
35,1,0,0,0,0,1
25,6,12,1,1,1,1
65,1,1,1,1,0,1
31,1,0,1,0,1,0
36,9,0,1,0,1,1
26,0,0,1,0,0,1
36,2,0,0,0,1,1
22,3,319,1,0,1,0
46,5,202,1,0,1,1
23,3,1,1,0,1,1
56,0,5,1,0,1,1
30,4,1,1,1,1,1
55,0,0,0,1,0,1
24,1,6,0,0,1,0
25,0,-1,1,0,1,0
22,0,0,1,0,0,1
20,1,14,1,0,1,0
34,2,1,1,0,1,1
32,10,3,1,0,1,1
23,5,1,1,0,1,0
21,1,0,0,0,0,1
25,5,4,1,0,1,0
65,0,0,1,1,0,1
49,8,24,1,0,0,1
29,0,0,1,1,1,1
45,2,0,0,0,0,1
59,1,5,1,1,0,1
32,2,1,1,0,1,1
28,1,4,1,0,0,1
28,2,1,0,0,0,1
44,0,1,0,1,1,1
43,0,1,0,0,1,1
27,3,0,0,0,0,1
27,0,2,0,0,0,1
27,6,39,1,0,1,1
27,11,223,1,0,1,0
23,6,135,1,0,1,0
34,2,1,1,1,0,1
52,3,13,1,0,0,1
63,0,0,1,0,0,1
50,2,0,1,1,0,1
24,1,1,0,0,0,1
28,3,0,0,0,0,1
23,0,0,1,0,1,1
31,9,0,1,0,1,0
29,7,4,1,0,1,1
24,2,3,0,0,1,1
24,0,2,1,0,0,0
35,3,0,0,0,1,1
21,0,2,1,0,0,1
28,2,10,1,0,0,1
38,0,0,0,0,0,1
30,8,1,0,0,1,0
43,13,51,1,0,0,1
22,3,33,1,0,1,0
57,0,0,1,0,0,1
29,2,1,1,0,0,1
78,1,0,0,0,0,1
27,5,2,0,0,0,1
21,2,36,1,0,1,0
31,1,0,1,1,0,1
25,6,24,1,1,0,1
32,0,0,1,0,0,1
27,0,0,0,1,0,1
29,10,108,0,0,1,0
29,6,0,1,0,0,1
25,6,0,1,0,1,1
25,8,0,0,0,1,0
55,1,0,1,0,1,1
25,2,58,1,0,1,1
79,1,1,0,0,0,1
21,2,140,1,0,1,0
37,0,1,1,1,1,1
21,1,1,0,0,1,1
32,17,0,1,0,1,0
27,12,31,1,0,1,0
28,6,0,1,0,1,0
25,6,4,1,0,1,1
28,6,0,1,0,1,1
43,1,1,1,0,0,1
27,0,0,0,0,0,1
35,1,1,1,0,0,1
43,5,0,1,0,0,1
23,3,26,0,0,0,0
21,1,-1,1,0,1,1
36,2,1,0,0,0,1
22,0,0,0,0,0,1
32,0,1,1,0,1,1
27,0,2,1,0,1,1
53,2,0,1,0,0,1
52,3,0,0,0,0,1
37,11,0,0,0,1,1
23,0,3,1,1,1,1
60,0,0,0,1,0,1
21,0,1,1,0,1,0
28,9,16,1,0,1,1
50,1,1,1,0,0,1
22,0,1,0,0,0,1
22,0,0,1,0,0,1
38,15,55,1,0,1,1
22,2,0,1,0,1,1
41,11,118,1,0,0,1
55,1,2,0,1,1,1
29,1,290,1,0,1,0
22,0,0,0,0,0,1
28,6,0,0,0,1,1
45,3,0,1,0,0,1
35,6,0,1,0,1,0
22,0,1,1,0,1,1
44,2,2,1,0,1,1
24,1,0,1,0,1,1
38,0,5,1,0,1,0
22,0,1,1,0,0,1
21,1,1,0,0,1,1
21,1,3,1,0,1,1
48,10,4,1,0,1,1
24,4,26,1,0,1,0
22,0,-1,1,0,1,1
21,3,1,1,0,0,0
20,1,0,0,0,1,1
30,2,0,1,0,0,1
20,1,6,1,0,1,1
22,1,36,1,0,0,1
28,0,5,0,0,1,1
36,1,2,1,0,0,1
27,4,54,0,1,0,0
34,4,0,1,0,0,1
34,2,23,0,0,1,1
57,9,58,1,0,0,1
30,5,2,1,0,1,0
35,1,0,0,1,0,1
37,4,1,1,0,0,1
34,12,11,1,0,1,0
35,7,1,1,0,0,1
28,0,0,0,0,1,1
29,3,0,1,0,1,1
39,22,3,1,1,1,0
22,0,2,0,1,0,1
23,2,58,1,0,0,1
26,15,42,1,0,1,0
45,5,1,1,0,0,1
60,0,3,0,0,0,1
50,3,0,0,0,1,1
28,8,20,1,0,1,0
41,0,3,1,0,0,1
28,2,0,1,1,0,1
48,12,-1,0,0,1,1
31,12,40,0,0,1,0
34,1,2,1,1,0,1
21,0,1,0,0,1,1
21,0,13,1,0,1,1
23,1,3,1,0,1,1
29,1,1,0,1,1,1
48,7,2,1,0,1,1
20,1,0,0,0,1,1
35,9,1,1,0,1,1
35,17,2,0,0,1,1
28,1,5,1,0,1,1
57,3,1,1,0,1,1
34,0,29,0,0,0,1
19,2,0,1,0,1,1
41,0,0,0,0,0,1
23,2,22,1,0,0,0
47,2,1,1,0,0,1
60,9,384,1,1,0,1
42,1,21,1,1,0,1
34,16,1,1,0,0,1
26,6,18,1,0,1,0
27,0,1,1,0,1,1
24,0,1,1,0,1,1
59,0,0,0,1,1,1
22,1,0,1,1,0,1
27,0,12,1,0,0,1
53,15,80,1,0,1,1
21,1,1,1,0,1,1
55,0,1,0,1,0,1
47,9,64,1,0,1,1
53,3,197,1,0,0,1
33,0,0,0,1,0,1
36,12,13,1,0,0,1
25,6,1,1,0,0,1
35,0,0,1,0,0,1
43,1,0,1,0,0,1
47,13,66,0,0,0,1
44,1,1,1,0,1,1
25,0,0,1,1,0,1
31,5,0,0,0,1,1
21,0,0,1,0,1,1
36,6,84,1,0,1,1
23,0,1,0,1,1,1
30,3,0,1,0,1,1
26,2,0,1,0,0,1
25,5,47,0,1,1,1
51,7,14,1,0,0,1
45,1,5,1,0,0,1
27,0,0,0,0,1,1
29,10,23,1,0,1,1
26,4,-1,1,0,0,1
59,2,12,1,0,0,1
25,2,12,0,0,0,0
31,2,15,0,0,0,1
41,1,29,0,1,0,1
23,1,0,1,0,1,1
52,3,0,1,0,1,1
49,4,3,1,1,0,1
33,5,0,1,1,1,0
61,8,30,1,1,0,1
47,0,0,0,0,0,1
21,0,0,1,0,0,1
43,3,1,0,1,0,1
24,2,0,1,0,1,1
41,0,0,0,1,1,1
33,0,0,1,0,1,1
20,1,1,1,0,0,1
56,0,0,1,0,0,1
33,0,40,1,0,1,1
47,0,4,0,1,0,1
42,17,32,1,0,1,0
20,0,0,1,0,1,0
42,1,0,1,1,1,1
31,19,0,1,0,1,0
29,7,1,1,0,1,1
29,0,0,0,0,1,1
22,1,0,1,0,1,1
40,4,1,1,0,0,1
27,5,6,0,0,1,1
31,0,0,0,0,0,1
24,2,0,0,0,1,1
30,1,1,0,0,1,1
28,0,0,1,1,0,1
72,1,1,0,0,0,1
40,15,54,1,0,1,0
30,18,17,0,0,1,0
25,0,44,0,1,1,1
49,0,73,1,0,0,1
30,1,1,1,0,1,1
22,3,128,1,0,1,1
38,0,1,0,1,1,1
21,1,0,1,0,0,1
33,7,0,1,0,0,0
26,1,4,1,0,1,0
57,1,1,1,0,1,1
23,1,0,0,0,0,1
50,2,30,0,0,1,1
29,0,0,1,1,0,1
34,1,1,1,0,1,1
47,2,27,0,0,0,1
21,1,1,1,1,0,1
24,3,8,0,0,0,0
46,0,-1,0,1,0,1
29,0,-1,0,0,0,1
41,0,0,1,0,1,1
21,4,0,1,0,0,0
32,24,2,1,0,1,1
30,6,0,1,0,1,1
45,9,75,0,1,1,1
21,0,0,1,0,1,1
52,0,1,0,0,1,1
28,1,2,1,0,1,1
52,0,1,1,0,0,1
29,5,1,1,0,1,1
25,11,531,0,0,1,0
23,8,255,1,0,1,0
50,1,0,1,1,0,1
21,1,0,0,0,0,1
38,5,2,0,0,0,1
39,2,8,1,0,0,1
33,9,14,0,0,1,1
52,1,24,1,0,0,1
24,5,0,1,0,1,1
40,3,0,1,0,1,0
41,4,0,1,0,0,1
24,0,4,1,0,1,1
23,2,1,1,0,1,1
36,1,0,1,0,0,1
22,0,0,1,0,1,0
34,1,2,0,0,1,1
29,9,214,0,1,1,0
39,6,0,1,0,0,1
22,6,0,1,0,0,0
27,8,17,1,0,1,1
37,11,1,1,0,1,0
24,1,1,0,0,0,1
25,2,0,1,0,0,1
23,0,1,0,0,0,0
57,2,0,1,1,0,1
55,0,2,0,0,0,1
52,1,3,1,1,0,1
34,5,25,1,1,1,0
40,3,13,1,0,1,1
20,0,0,1,0,0,0
47,7,57,1,0,1,1
51,1,0,0,0,1,1
47,22,3,1,0,0,0
45,21,1,1,0,0,1
23,1,5,0,0,1,0
30,10,0,1,1,1,0
52,20,27,1,0,0,1
27,0,2,0,0,1,1
30,0,0,0,0,1,1
25,0,0,0,1,1,1
33,1,3,1,0,1,1
30,9,44,1,0,0,0
36,16,8,1,0,1,0
27,9,52,1,0,1,0
40,11,0,0,0,1,1
23,0,1,0,0,0,1
26,0,0,0,0,1,1
55,2,13,0,0,0,1
22,3,2,1,0,0,1
29,0,1,0,1,1,1
33,3,1,1,1,0,1
33,2,4,0,0,0,1
28,8,0,0,0,1,1
25,2,18,1,0,1,1
46,0,5,1,0,0,1
57,2,2,1,0,0,1
46,0,1,1,0,0,1
38,1,0,1,0,0,1
62,0,1,0,0,0,1
21,4,60,1,0,1,0
37,7,69,1,0,0,0
22,0,0,0,0,1,1
31,4,24,1,0,1,0
39,1,4,0,0,1,1
39,1,0,1,0,1,0
31,0,0,1,1,0,1
25,14,7,1,0,1,0
30,8,64,1,0,1,0
24,1,0,1,0,1,1
42,1,0,1,0,1,1
30,0,1,1,1,0,1
21,1,0,0,0,1,1
34,0,0,0,0,0,1
30,2,0,0,1,1,1
35,0,1,1,0,1,1
31,6,41,1,0,1,1
37,1,0,1,0,0,1
44,1,0,0,0,0,1
20,0,1,1,0,0,1
30,0,0,1,0,1,1
50,2,9,1,0,0,1
30,0,0,1,0,0,1
25,0,0,0,1,0,1
34,3,2,0,0,1,1
35,0,0,0,1,1,1
57,0,0,0,0,0,1
41,0,177,1,0,1,1
23,0,1,1,0,0,1
32,3,37,1,0,1,1
58,0,0,0,1,0,1
25,0,0,0,1,1,1
32,4,0,1,1,0,1
21,4,33,0,0,0,1
21,1,1,1,0,1,0
31,7,1,0,0,1,1
33,0,0,1,0,0,1
24,1,2,0,0,0,1
50,2,0,0,0,1,1
25,1,1,0,0,1,1
41,8,0,1,0,1,1
23,2,1,0,0,1,1
25,9,2,1,0,1,1
23,1,1,0,0,1,1
53,1,0,0,0,0,1
27,1,0,1,1,1,1
21,1,1,1,0,0,1
32,7,0,1,0,1,0
34,9,0,1,0,1,1
21,1,0,1,0,1,1
40,3,1,1,1,0,1
47,7,1,1,0,1,1
23,2,0,1,0,0,1
23,0,0,0,1,1,1
26,0,0,1,0,0,1
26,2,2,1,0,1,1
32,1,0,1,0,0,1
47,0,1,0,0,0,1
33,0,1,0,1,1,1
32,2,0,1,0,0,1
53,8,5,1,0,1,1
41,9,0,0,1,0,1
24,0,2,1,0,1,1
58,0,1,1,0,1,1
36,3,0,1,1,1,1
32,6,27,0,0,0,1
39,0,0,1,0,0,1
31,0,0,0,0,0,1
37,0,1,0,1,0,1
44,1,0,0,0,0,1
38,2,19,1,0,0,1
26,1,8,1,1,0,1
29,1,0,1,0,0,1
24,7,1,1,1,1,0
21,0,1,1,0,1,0
39,1,39,1,1,0,1
44,0,0,1,1,1,1
32,0,1,0,0,0,1
28,21,1,1,0,1,0
36,9,1,0,0,1,0
51,4,1,1,0,0,1
23,10,4,1,0,1,0
50,4,26,0,0,0,1
23,3,3,1,0,0,1
22,0,1,1,0,0,1
38,1,7,1,0,1,1
26,5,27,1,0,1,1
28,0,0,0,1,0,1
34,1,2,1,0,0,1
25,4,86,1,0,1,0
36,0,1,0,0,1,1
36,2,1,1,1,0,1
45,7,0,1,1,0,1
47,1,17,1,0,0,1
37,4,1,0,0,1,1
35,2,2,1,0,0,1
25,3,7,1,0,0,1
24,11,51,1,0,1,0
46,0,0,1,0,0,1
44,0,0,1,0,1,1
22,1,0,1,0,1,1
24,2,91,1,0,0,0
32,1,1,1,0,1,1
59,17,23,1,0,0,1
21,0,3,0,0,1,1
43,1,5,0,0,1,1
43,1,69,1,0,0,1
25,3,1,1,0,1,0
46,0,0,1,0,1,1
23,0,0,1,0,0,1
22,0,1,1,0,1,1
36,4,1,1,0,0,1
31,2,2,0,1,1,1
32,1,0,0,0,0,1
31,1,32,1,0,0,1
25,0,0,1,0,0,1
26,0,0,0,1,0,1
23,1,0,0,1,1,1
27,15,1,1,0,1,0
54,0,1,0,0,0,1
41,9,9,1,0,0,1
46,3,1,1,0,1,1
32,1,10,0,1,0,1
53,8,13,1,0,0,1
20,0,0,1,0,1,1
33,2,1,0,0,0,1
24,0,1,0,0,1,0
49,3,0,1,0,0,1
27,2,9,0,0,1,1
28,1,0,0,1,0,1
28,4,5,1,0,1,1
22,0,-1,1,0,1,1
27,10,1,1,0,1,0
21,0,1,1,0,1,1
44,5,6,1,0,0,1
53,0,0,0,1,0,1
21,0,0,0,1,0,1
20,0,22,1,0,0,0
24,2,33,0,0,1,1
51,0,91,0,0,0,1
36,14,173,1,0,1,1
40,0,0,1,0,0,1
27,1,2,1,0,1,1
48,0,1,0,0,0,1
51,12,0,1,0,1,0
69,22,1,0,0,1,1
24,2,9,1,0,0,1
21,1,7,1,0,1,1
54,0,6,1,0,0,1
51,1,1,0,0,0,1
36,2,0,1,0,1,1
30,1,1,0,0,1,1
28,0,191,1,1,1,1
24,3,0,1,0,0,0
27,2,246,1,0,1,1
36,3,2,0,0,1,1
43,2,1,0,0,0,1
22,0,1,1,0,0,0
37,13,1,1,1,1,1
21,1,2,1,0,0,1
37,11,1,1,0,0,0
49,1,0,1,1,1,1
37,2,0,0,0,1,0
28,6,80,1,0,1,0
38,0,0,1,1,0,1
31,0,1,1,0,0,1
47,0,0,0,0,0,1
26,0,1,0,0,1,1
30,5,180,1,0,1,1
51,1,3,1,0,0,1
23,6,0,1,0,0,1
31,4,2,1,0,1,1
21,0,1,1,0,1,1
24,8,49,1,0,1,1
23,6,1,1,0,1,0
26,9,11,1,0,1,1
27,1,6,1,0,1,1
39,0,0,0,1,0,1
23,0,1,1,0,1,1
32,2,1,0,0,1,1
58,2,1,0,1,0,1
45,8,0,1,0,1,1
35,1,0,1,0,1,1
28,0,13,0,0,0,1
21,2,21,0,0,1,0
49,10,43,1,0,1,1
55,0,0,0,0,0,1
23,3,13,0,0,1,1
33,0,10,0,0,0,1
30,0,0,0,0,0,1
33,19,0,1,0,1,0
23,0,1,0,0,1,0
32,1,115,0,0,1,0
34,0,-1,0,0,0,1
23,0,5,1,0,1,1
22,2,1,1,1,1,1
53,1,1,1,0,0,1
39,0,2,1,0,0,1
34,10,2,1,0,1,1
47,1,1,1,0,0,1
47,3,0,1,0,1,1
49,1,0,0,1,0,1
33,3,0,1,0,0,1
37,12,0,1,0,1,0
19,1,-1,1,0,1,0
33,11,1,1,0,0,1
31,2,3,1,0,1,1
26,10,0,1,0,0,1
21,0,1,1,1,1,1
48,0,9,0,1,1,1
48,0,0,0,1,0,1
28,2,1,1,0,1,1
36,2,1,1,0,1,1
22,0,0,0,1,1,0
20,0,0,0,1,0,1
30,0,0,1,0,0,1
26,0,0,1,0,1,1
29,0,1,0,0,1,1
29,11,23,1,1,1,0
37,0,0,1,0,1,0
26,3,2,0,0,1,1
23,1,0,1,0,0,1
25,3,19,1,0,0,1
41,0,3,0,0,1,1
59,0,0,0,1,0,1
39,1,3,0,0,0,1
30,0,1,0,0,0,1
51,3,2,1,0,1,1
44,0,8,1,0,0,1
31,4,1,0,0,1,1
21,1,11,1,0,1,1
69,6,1,1,0,0,1
45,2,2,0,0,0,1
48,0,68,1,0,0,0
77,1,3,0,0,0,1
37,0,1,1,0,0,1
33,1,1,0,1,1,1
23,0,2,1,1,1,1
60,0,1,0,0,0,1
55,2,0,0,0,0,1
50,5,11,1,0,0,1
44,6,1,1,0,1,1
33,2,43,1,1,0,1
22,0,-1,1,0,1,1
22,2,0,0,1,0,1
31,5,1,1,0,0,1
31,9,0,1,0,1,1
34,13,1,1,0,1,1
31,9,27,0,0,1,0
35,9,1,1,0,1,1
59,1,0,0,0,0,1
29,0,1,1,0,0,1
57,0,0,1,0,1,1
24,0,0,0,0,1,1
32,0,6,0,0,0,1
33,0,0,0,0,0,1
33,3,7,1,0,1,1
45,1,128,1,0,0,1
39,7,0,1,0,1,0
38,8,9,0,0,1,1
31,6,25,1,0,1,1
25,9,84,1,0,1,0
48,2,1,1,0,1,1
30,0,1,1,0,0,1
36,1,0,1,1,1,1
21,0,0,1,0,0,0
26,0,2,1,0,1,1
20,0,0,0,0,0,0
21,1,3,1,0,0,1
23,0,2,1,0,0,0
30,1,1,0,0,1,1
62,0,0,1,0,0,1
24,3,7,1,0,0,1
34,5,1,1,0,0,1
49,4,17,0,0,0,1
30,4,7,1,0,1,1
30,2,63,1,0,0,1
29,0,0,0,0,1,1
24,0,1,1,0,0,1
32,7,0,1,0,1,1
27,0,-1,0,1,0,1
40,1,1,1,0,0,1
30,11,117,1,0,1,0
51,8,3,0,0,1,1
21,0,0,1,0,1,1
33,16,6,1,0,1,0
37,1,2,1,0,0,1
24,1,4,1,0,0,1
20,3,0,0,1,0,0
35,10,22,1,0,1,1
40,5,0,1,0,0,1
21,1,0,1,0,0,1
32,4,1,0,0,1,1
25,0,-1,1,0,0,1
45,10,1,1,0,1,1
31,15,4,0,0,1,0
31,6,3,1,0,0,1
24,1,1,1,0,1,1
57,6,1,1,0,0,1
23,4,0,0,0,0,1
25,6,0,1,0,0,0
27,5,28,1,0,1,0
30,3,0,1,0,1,1
31,0,2,1,0,0,1
21,0,1,0,1,1,1
56,10,41,1,1,0,1
35,3,9,0,0,0,1
36,1,1,0,0,1,0
31,0,0,0,1,0,1
26,0,1,0,0,0,1
50,0,1,0,1,0,1
20,0,0,1,0,0,1
44,11,180,0,0,0,1
45,15,0,1,0,1,1
28,0,0,1,0,0,1
24,1,1,0,0,1,1
48,0,0,0,1,1,1
34,16,1,1,0,1,0
34,2,1,0,0,0,1
28,1,1,0,0,1,1
21,1,0,1,0,1,1
22,1,15,1,0,1,1
36,1,0,1,0,0,1
33,2,258,1,0,1,1
25,1,13,1,1,1,1
26,2,19,1,0,0,1
40,1,0,1,0,0,1
22,1,4,1,0,1,0
33,0,0,0,0,0,1
37,0,2,0,0,1,1
56,1,1,1,0,1,1
32,3,120,1,0,0,1
19,2,1,1,0,0,0
51,6,0,1,0,0,1
27,7,2,0,0,0,0
34,5,3,0,0,1,1
23,1,1,1,0,1,1
33,2,2,1,1,1,1
32,3,-1,1,0,0,1
50,1,1,1,0,0,1
33,14,1,1,0,1,0
22,2,0,1,0,1,1
24,0,0,1,1,0,1
25,6,1,0,0,1,1
24,2,1,0,0,1,1
28,2,1,0,0,0,1
57,0,27,1,0,0,1
21,0,1,0,0,0,1
44,2,1,1,0,0,1
24,2,24,0,0,1,0
20,1,2,1,0,1,1
24,0,2,0,1,1,1
24,2,14,0,1,1,1
25,1,1,1,1,1,1
26,1,1,1,1,1,1
28,0,0,0,0,1,1
25,1,1,1,0,1,0
34,0,241,1,0,1,1
30,7,0,1,0,1,1
34,0,10,1,0,1,1
52,0,7,1,0,0,1
32,12,1,1,0,1,0
24,1,0,1,0,1,1
20,1,187,1,0,1,0
32,11,141,1,0,0,0
47,0,3,0,0,1,1
23,0,1,1,1,1,1
35,1,1,0,0,1,1
24,3,97,1,0,0,1
31,0,4,0,1,0,0
27,5,1,1,1,0,1
33,10,2,1,0,1,0
33,0,0,1,1,0,1
30,8,54,1,0,1,1
24,0,0,1,0,1,0
33,0,3,1,0,1,1
24,0,1,1,0,0,1
51,0,1,1,1,0,1
54,1,0,0,0,1,1
25,15,2,1,0,1,0
22,0,0,1,0,1,0
30,2,6,0,0,0,0
42,4,17,1,0,0,1
40,2,0,0,0,1,1
38,2,0,0,1,0,1
34,3,33,1,0,1,1
56,0,0,0,0,1,1
22,0,2,0,0,1,1
44,0,21,1,0,0,1
32,0,0,1,0,1,0
51,12,151,1,0,1,0
30,1,1,0,0,0,1
25,1,0,1,0,1,1
27,1,0,0,0,0,1
43,8,1,1,0,1,1
28,1,1,1,1,0,1
32,19,1,1,0,1,0
31,0,9,0,0,0,1
23,3,44,1,0,1,0
32,3,2,1,0,1,1
25,2,0,1,0,0,1
27,3,-1,0,0,0,1
28,1,1,0,0,1,1
44,4,5,1,1,0,1
29,0,13,1,0,0,1
49,3,0,1,0,1,0
25,8,29,1,0,1,1
20,0,1,0,0,1,1
23,0,0,1,0,0,1
23,1,-1,0,1,1,1
21,0,0,1,0,1,1
20,0,1,1,0,1,1
37,0,1,0,0,1,1
25,1,0,1,0,1,1
47,1,14,1,1,0,1
28,5,1,0,0,1,0
52,0,0,0,0,1,1
48,4,1,1,1,0,1
32,7,37,1,0,1,0
29,0,1,0,0,1,1
21,1,29,1,0,1,1
52,9,33,1,0,0,1
20,0,2,0,0,1,1
21,8,243,1,0,1,0
21,0,1,0,0,0,1
23,0,0,0,0,1,1
28,3,1,0,0,1,1
33,0,37,1,0,1,0
22,0,0,0,1,1,1
36,5,0,1,1,0,1
24,0,1,1,1,1,1
51,3,13,1,0,0,1
43,0,1,0,0,0,1
22,3,2,1,1,0,0
28,0,0,0,1,1,1
21,1,48,1,0,0,1
58,1,1,1,0,0,1
59,2,0,0,0,1,1
37,0,0,1,0,0,1
48,25,6,1,0,1,0
56,1,3,0,0,0,1
21,3,1,1,0,1,0
54,3,2,1,0,1,1
30,2,0,0,0,0,1
37,8,1,0,0,1,1
22,0,0,0,0,0,1
29,0,0,1,1,1,1
40,13,1,1,0,1,0
24,2,1,1,0,1,1
39,0,0,1,0,0,1
56,7,194,1,0,0,1
36,4,2,1,0,1,1
28,1,15,1,0,1,1
41,2,15,1,1,0,1
22,0,1,1,0,1,1
25,1,-1,1,0,0,1
29,0,42,0,0,1,1
27,2,20,1,0,1,1
28,2,0,0,0,1,1
43,0,-1,1,1,1,1
31,1,1,0,0,1,1
36,0,0,1,0,1,1
28,5,0,1,1,1,0
47,0,2,0,0,0,1
23,0,2,0,1,1,1
44,0,0,0,1,0,1
22,1,1,1,1,0,1
35,4,169,1,0,0,1
51,1,162,1,0,1,1
56,7,0,1,0,0,1
41,1,0,0,0,0,1
26,1,16,1,0,0,1
28,0,0,0,1,0,1
27,4,0,1,1,1,1
30,0,1,1,0,0,1
25,1,0,1,0,0,1
25,1,0,1,0,1,1
33,16,0,1,0,1,0
32,0,0,1,0,0,1
28,2,0,1,0,1,1
27,2,1,1,0,1,1
35,23,2,1,1,1,0
44,0,34,0,0,1,1
47,1,0,1,0,0,1
33,0,0,1,0,0,1
24,7,1,0,1,0,1
22,2,0,1,0,0,1
43,18,9,1,0,1,1
30,4,1,1,1,1,1
34,5,2,1,0,1,1
64,20,2,1,0,1,1
35,0,0,1,0,1,1
40,0,0,1,0,0,1
36,5,19,0,0,1,0
43,2,5,1,0,1,1
41,2,161,1,0,0,0
41,1,1,0,0,1,1
56,0,1,1,0,0,1
25,1,0,0,1,0,1
30,15,-1,1,1,1,0
21,1,1,1,0,0,1
53,4,0,1,1,0,1
24,0,0,0,1,1,1
30,1,0,1,0,0,1
28,1,8,1,0,0,1
33,7,1,0,0,1,1
32,20,0,1,0,0,0
48,2,0,1,0,0,1
43,0,1,1,0,1,1
37,3,38,1,0,0,1
21,0,1,1,0,1,0
44,0,2,0,0,1,1
23,3,91,1,0,1,0
22,1,1,1,0,0,1
26,0,1,1,0,1,0
22,3,16,1,0,1,1
36,0,5,0,0,0,1
60,1,0,1,0,1,1
36,9,0,1,1,0,1
31,11,11,1,0,0,1
59,0,0,0,0,0,1
36,0,24,1,0,0,1
45,0,1,0,0,1,1
60,4,6,1,0,0,1
25,2,0,0,0,0,1
21,2,0,1,0,1,0
33,3,14,1,0,0,0
33,4,17,0,0,1,1
23,0,25,1,1,1,1
22,1,1,1,0,1,1
30,0,0,0,0,0,1
36,0,5,1,0,0,1
29,11,0,1,1,1,0
23,0,0,1,1,0,1
22,0,1,1,0,0,1
25,2,0,0,0,1,1
40,0,0,0,0,0,1
58,0,0,1,0,0,1
83,0,0,0,0,0,1
24,3,1,0,0,0,0
37,0,0,0,0,0,1
51,1,7,1,0,1,1
23,0,1,1,0,1,1
21,0,97,0,0,1,0
53,13,91,1,0,1,1
43,7,8,1,1,0,0
29,0,0,1,0,0,1
31,0,2,1,1,1,1
30,12,9,1,0,1,0
45,0,2,0,0,0,1
46,4,0,1,1,1,1
50,4,0,1,0,1,1
54,28,5,1,0,1,0
37,1,1,1,1,0,1
27,1,25,1,1,0,1
24,0,1,0,0,1,1
29,0,1,0,0,1,1
39,3,2,1,0,0,1
20,2,16,1,0,1,1
24,1,1,1,0,1,1
28,13,32,1,1,1,0
54,0,0,0,1,0,1
51,1,1,0,1,0,1
32,5,0,1,0,1,1
36,1,0,0,1,1,1
59,20,198,1,0,0,1
25,4,169,1,0,1,0
42,1,0,0,0,0,1
25,1,8,1,0,1,1
49,2,1,1,0,1,1
32,15,70,1,0,0,0
40,5,0,1,0,0,1
30,5,1,1,0,1,1
24,0,0,1,1,0,1
51,0,0,0,1,0,1
69,1,1,1,0,1,1
26,1,-1,1,0,1,0
49,4,3,0,1,0,1
30,1,-1,1,0,0,1
41,7,1,0,0,1,1
23,3,3,1,0,1,1
61,0,0,0,0,0,1
50,0,0,1,0,0,1
50,0,1,0,1,1,1
20,0,3,1,0,0,1
47,3,13,1,0,0,1
22,1,38,1,0,1,0
36,1,0,0,1,1,1
22,1,6,1,0,1,1
24,1,0,1,0,0,1
21,1,1,1,0,1,1
49,2,0,0,1,0,1
22,0,57,1,0,0,0
27,0,2,1,1,0,1
31,0,0,0,0,1,1
35,0,0,0,0,0,1
21,1,0,1,0,1,1
23,6,84,1,0,0,0
36,4,2,0,0,1,1
38,1,16,0,1,0,1
21,0,1,1,0,0,1
42,0,0,1,1,0,1
25,0,0,1,0,1,1
42,1,0,1,0,0,1
24,0,36,1,1,0,0
30,0,0,0,0,0,1
25,4,0,1,0,1,1
43,2,2,1,1,1,1
26,0,1,0,1,1,1
50,15,1,0,0,1,0
27,0,5,0,0,1,1
22,0,2,1,0,0,1
19,0,0,1,0,1,1
30,4,1,1,1,0,1
23,4,31,1,0,1,0
56,0,7,0,0,0,1
35,0,2,0,1,1,1
32,3,0,1,1,1,1
23,1,1,1,0,1,1
23,1,3,1,0,1,1
23,2,6,1,0,1,0
32,14,2,1,0,1,0
54,2,0,0,0,1,1
49,1,20,1,0,0,1
35,3,11,0,0,1,1
58,7,185,1,0,0,1
46,2,9,1,0,1,1
33,2,1,0,0,1,1
23,1,0,1,0,1,1
37,8,1,1,0,1,1
23,0,0,0,1,0,1
34,14,40,1,0,0,0
28,0,-1,1,0,1,1
28,0,1,1,0,0,1
23,0,0,1,0,1,1
20,0,0,1,1,0,0
38,0,1,1,0,0,1
33,4,1,0,0,1,1
21,0,30,1,0,1,1
46,4,2,1,0,0,1
50,9,1,0,0,0,1
69,0,0,0,0,0,1
42,0,1,1,0,0,1
28,0,0,0,0,0,1
37,2,0,1,0,1,1
30,0,0,0,0,1,1
45,2,7,1,0,0,1
29,0,0,1,0,1,1
41,1,1,1,0,0,1
31,1,-1,1,0,1,0
32,1,15,1,0,0,1
47,0,1,0,0,0,1
22,2,3,1,0,0,1
31,0,0,1,0,1,1
41,0,1,1,0,0,1
26,2,33,1,0,1,1
30,11,2,1,0,1,0
55,2,1,1,1,1,1
34,0,33,1,0,1,0
37,11,1,1,0,1,1
56,6,1,1,0,0,1
54,3,2,0,0,0,1
54,0,1,1,1,1,1
29,11,0,0,0,1,0
55,0,1,1,0,1,1
32,11,1,1,0,1,1
22,0,0,1,0,1,0
36,0,0,1,0,0,1
38,1,0,1,0,0,1
27,10,0,1,0,1,0
22,3,106,1,0,1,1
33,2,0,1,1,0,1
32,4,1,0,0,0,1
48,0,1,0,0,1,1
21,0,0,1,1,0,1
36,5,0,1,1,1,1
25,2,1,0,1,0,1
31,0,81,1,0,0,1
42,0,6,0,0,1,1
36,3,1,1,1,0,1
25,2,0,1,1,0,0
33,0,1,1,0,0,1
56,3,1,0,0,1,1
29,0,5,0,0,0,1
25,0,5,1,1,1,1
24,0,9,1,0,1,1
23,3,53,1,0,1,0
44,1,1,1,0,0,1
35,3,1,1,0,0,1
30,5,5,0,0,0,0
34,0,1,1,1,0,1
22,1,0,1,0,1,1
27,0,1,0,0,1,1
39,1,7,1,1,0,1
23,0,0,1,1,1,1
29,9,4,1,0,1,1
49,8,8,1,1,0,1
21,0,1,0,1,0,1
24,3,93,1,0,1,1
19,1,9,0,0,1,1
51,0,0,0,0,0,1
24,2,1,1,0,1,1
26,3,1,0,0,1,1
67,1,0,1,0,0,1
26,0,0,1,0,0,1
28,0,0,0,1,1,1
21,0,1,0,0,1,1
24,0,1,1,1,1,1
30,2,0,1,1,1,1
26,2,33,1,1,0,1
51,0,0,0,1,0,1
31,8,0,0,0,1,1
33,2,0,0,0,1,1
26,1,1,0,0,0,1
41,0,1,0,1,1,1
44,0,4,1,0,0,1
40,0,2,0,0,1,1
22,0,13,1,0,1,1
24,0,1,1,0,1,1
30,1,0,1,0,1,1
20,0,6,1,0,0,0
25,0,0,1,0,0,1
61,15,0,1,1,0,1
20,2,31,1,0,0,0
44,0,1,1,0,0,1
39,0,5,1,0,0,1
25,0,2,0,1,0,1
31,1,-1,0,0,1,1
24,8,37,1,0,0,0
46,14,0,1,0,0,1
65,0,0,1,1,1,1
37,9,1,1,0,1,1
31,19,0,1,0,0,1
33,0,0,1,1,0,1
41,0,0,0,0,0,1
24,0,0,0,0,0,1
21,1,1,0,1,1,1
52,0,4,0,0,1,1
27,1,26,1,1,1,1
24,2,0,1,1,0,0
19,1,2,1,1,1,1
26,0,0,0,0,1,1
50,1,0,1,0,1,1
35,0,0,0,1,0,1
31,4,1,1,0,0,0
22,0,0,1,1,1,1
40,8,0,1,0,0,1
25,6,39,0,0,0,1
25,0,0,1,0,0,1
31,0,1,1,0,1,1
21,4,0,0,1,1,0
25,0,9,1,0,1,0
36,1,0,0,0,0,1
33,7,26,1,1,1,0
53,0,0,0,1,0,1
22,3,1,1,0,1,1
74,0,0,1,1,1,1
37,8,1,0,0,1,1
31,2,176,1,1,1,1
59,0,0,0,0,0,1
38,2,10,0,0,1,1
38,0,1,1,1,0,1
31,2,1,1,1,0,1
31,7,3,1,0,1,1
47,23,0,0,0,1,0
33,1,1,1,1,1,1
21,1,156,1,0,1,1
26,4,45,1,0,1,1
52,0,118,1,1,0,1
26,5,1,1,1,1,1
38,1,0,1,1,1,1
22,1,1,1,0,0,1
59,0,0,1,0,0,1
26,1,2,1,1,1,1
23,0,0,0,0,1,1
35,1,4,0,0,0,1
39,1,4,1,0,1,1
20,2,33,1,0,1,0
28,0,2,0,0,0,1
24,2,1,1,0,1,1
30,0,0,0,0,1,1
19,0,1,0,0,0,0
32,0,22,1,0,0,1
32,16,0,1,0,1,0
29,7,2,1,0,1,1
42,0,2,1,0,0,1
31,7,1,0,0,0,1
31,0,2,1,1,1,0
25,5,54,1,0,1,0
21,0,0,1,0,0,0
65,0,0,0,0,0,1
24,5,5,0,0,0,1
51,0,-1,1,0,0,1
30,2,1,0,0,1,1
51,4,0,0,0,0,1
25,0,0,0,0,0,1
30,2,2,1,1,1,1
61,4,118,1,0,0,1
20,0,1,1,0,0,1
38,0,1,0,0,0,1
20,3,42,1,0,0,0
30,4,29,1,1,0,1
24,0,1,1,0,1,0
23,0,3,1,0,1,1
39,0,1,0,0,1,1
50,5,1,1,0,0,1
23,0,0,0,0,1,1
35,7,195,1,0,1,1
57,19,3,1,0,1,1
35,0,1,0,0,1,1
33,3,0,1,0,1,1
51,17,0,0,0,1,1
30,0,1,0,1,1,1
29,2,1,1,0,1,1
33,0,83,1,0,0,1
36,15,1,1,0,1,1
22,0,50,1,0,1,1
33,12,2,0,0,1,0
29,4,80,1,0,1,0
32,1,1,1,0,1,1
27,1,0,0,0,1,1
38,8,15,0,0,1,1
39,17,35,1,0,0,1
46,1,1,0,0,0,1
58,0,1,1,1,0,1
31,0,38,0,0,0,1
23,0,1,0,1,0,0
27,3,0,1,0,1,1
21,0,0,0,0,1,1
20,0,1,1,0,0,1
25,1,0,1,1,1,1
43,7,0,1,0,1,1
31,14,0,1,1,0,0
31,10,0,1,1,1,1
39,0,1,1,1,0,1
33,5,119,1,0,0,1
31,2,0,1,0,0,1
31,6,0,1,0,1,1
25,0,0,1,1,0,1
23,0,0,0,0,0,1
43,3,1,1,0,0,1
44,0,11,1,0,0,1
37,2,0,0,0,0,1
36,0,0,0,1,0,1
64,1,7,1,0,0,1
60,2,10,0,0,0,1
25,0,2,0,0,0,1
26,1,0,1,0,0,1
38,1,1,0,1,0,1
24,2,1,1,0,1,1
50,0,14,0,0,0,1
34,0,29,0,0,1,1
32,2,5,0,0,0,1
37,12,0,0,0,1,0
24,5,1,1,0,1,1
21,0,7,1,0,0,0
52,2,1,1,0,0,1
40,2,100,0,1,1,1
38,0,1,0,0,0,1
47,0,3,0,0,0,1
31,0,35,1,0,0,1
27,5,0,0,0,1,1
24,0,0,1,0,1,1
21,0,0,0,1,1,1
40,4,15,1,0,0,1
23,4,0,1,0,1,0
31,3,0,1,0,0,1
31,0,1,1,0,1,1
23,3,1,1,0,1,1
43,4,2,0,0,0,1
24,1,123,0,0,1,0
29,2,3,0,0,1,1
22,0,2,1,0,0,1
28,5,0,1,0,1,1
25,7,18,1,0,1,1
25,0,0,0,1,1,1
29,8,2,1,0,1,0
37,3,6,1,0,0,1
27,11,2,0,0,1,0
30,9,50,1,0,1,0
28,16,29,1,0,0,0
36,1,0,1,0,0,1
56,0,-1,0,0,0,1
23,0,2,1,1,1,1
63,3,220,0,0,1,0
36,0,0,1,0,0,1
46,7,3,1,1,0,1
22,0,0,0,0,1,1
29,3,0,1,1,1,1
28,1,4,1,0,0,1
32,3,86,1,0,0,1
27,7,0,1,0,0,0
28,6,2,1,0,1,0
27,0,2,1,1,0,1
34,21,5,0,0,1,0
45,0,1,1,0,1,1
35,16,191,1,0,1,0
42,1,4,1,0,1,1
23,1,0,0,0,0,1
64,1,0,0,1,1,1
26,0,0,1,0,1,1
59,22,69,1,0,1,1
33,1,0,0,1,0,1
20,0,1,1,0,1,1
25,2,1,1,0,1,0
26,6,3,1,1,1,1
23,0,0,1,0,1,1
36,26,0,1,0,1,0
26,8,14,1,0,1,0
30,0,1,1,0,0,1
38,10,0,1,0,0,0
35,5,0,1,0,0,1
70,0,0,0,0,0,1
27,1,1,1,0,0,0
24,1,0,0,1,0,1
40,0,19,1,0,0,1
45,2,47,1,0,0,1
25,2,0,1,0,1,1
30,0,0,1,0,0,1
44,8,9,0,0,1,0
26,5,1,1,0,0,1
31,0,1,0,0,1,0
51,8,0,0,0,1,1
25,3,1,0,1,1,0
42,13,0,0,0,1,0
27,5,37,0,0,1,0
30,3,0,0,0,0,1
34,0,1,1,0,1,1
29,0,0,1,0,1,1
37,4,0,0,0,0,1
24,0,0,1,1,1,1
23,2,0,1,1,1,0
30,7,0,1,0,1,0
56,1,169,1,1,0,0
32,2,0,0,0,0,1
30,3,25,1,0,0,1
45,2,28,0,0,1,1
31,0,2,0,1,1,1
29,10,7,1,1,0,1
33,2,1,0,0,0,1
33,21,6,0,0,1,1
43,2,1,1,0,0,1
28,0,1,1,0,0,1
33,0,1,1,1,1,1
25,2,1,0,0,0,1
24,0,0,0,0,0,1
20,1,1,1,0,1,0
52,0,0,0,0,0,1
32,0,17,0,0,0,1
22,2,6,1,0,1,0
52,1,3,1,0,0,1
21,2,2,1,0,0,1
39,0,2,1,0,0,1
28,0,29,1,1,1,0
34,6,52,1,1,1,1
25,1,2,1,0,1,1
42,0,0,0,0,0,1
23,4,11,0,0,1,0
26,2,0,1,0,1,0
27,2,0,1,0,1,0
28,7,1,1,0,1,1
24,3,1,0,0,0,1
35,1,0,1,0,0,1
20,0,1,1,0,0,1
24,5,1,1,0,1,1
42,2,1,1,1,1,1
27,2,4,1,1,1,1
24,6,218,1,0,0,0
26,1,22,1,0,1,1
31,3,0,0,0,0,1
22,4,260,1,0,1,0
23,1,1,1,1,1,1
34,3,5,0,0,0,1
47,28,33,1,0,0,0
56,1,0,1,0,1,1
25,1,0,0,0,1,1
21,0,0,0,0,0,1
30,7,602,1,0,1,0
22,1,0,1,1,0,1
54,0,1,0,0,1,1
30,1,0,1,0,0,1
37,6,23,1,0,0,1
22,0,1,1,0,1,1
27,6,10,1,0,1,1
49,1,5,1,0,0,1
23,2,7,0,0,1,0
29,2,0,0,0,1,1
22,0,1,0,0,0,1
28,0,0,0,0,1,1
33,5,1,0,0,1,0
49,2,10,1,1,0,1
21,0,1,0,0,1,1
56,4,0,0,0,0,1
27,13,0,1,0,1,0
43,1,0,0,0,0,1
41,3,1,1,0,0,1
56,9,0,0,0,1,0
25,0,1,1,1,0,1
23,0,0,1,0,1,1
41,7,0,1,0,1,1
20,0,3,0,0,0,1
31,0,-1,1,0,0,1
22,0,9,0,0,0,1
22,1,0,1,0,1,1
21,0,33,1,1,1,0
38,4,0,0,0,1,1
37,23,17,1,0,1,0
34,1,0,0,0,0,1
56,1,2,0,0,0,1
50,2,0,0,0,0,1
24,0,0,0,1,0,1
37,24,19,1,0,1,0
30,5,2,1,0,0,0
38,2,47,1,0,0,1
28,7,1,1,1,0,0
67,0,0,0,0,0,1
29,17,2,1,0,0,1
25,0,0,0,0,1,1
23,0,1,0,0,1,1
32,1,0,1,0,0,1
28,0,1,1,0,0,1
47,19,30,1,1,1,0
29,6,67,1,1,0,1
36,6,0,1,0,0,1
29,0,1,0,0,1,1
38,0,0,1,0,1,1
24,8,0,1,0,1,0
32,1,2,1,1,0,1
40,0,0,0,0,0,1
32,0,0,1,1,1,1
56,0,0,0,0,0,1
27,1,31,0,0,0,1
22,6,2,1,0,1,1
31,4,4,1,0,1,1
21,0,-1,1,0,0,1
47,20,1,1,0,1,0
58,2,5,1,0,0,1
34,9,1,1,0,0,1
24,0,20,0,0,1,1
54,0,2,1,0,0,1
23,0,1,1,0,1,1
59,0,1,1,0,0,1
33,14,0,1,0,1,0
26,27,10,0,0,1,0
28,3,0,1,0,0,1
44,0,1,0,1,0,1
22,1,0,1,0,1,1
27,0,2,0,0,1,1
39,0,54,1,0,0,1
20,4,2,1,1,0,0
27,6,30,1,0,1,1
28,0,0,0,0,1,1
40,0,1,1,1,0,1
31,0,-1,1,0,0,0
26,2,0,0,0,1,1
25,5,0,1,1,0,1
23,1,22,1,0,1,1
27,8,68,1,0,0,1
30,2,6,1,0,0,1
31,3,19,0,0,1,0
20,0,1,1,0,1,1
39,8,40,1,0,1,1
33,0,6,1,0,0,1
39,0,1,0,0,0,1
54,0,0,0,0,0,1
20,1,1,1,0,0,1
20,1,0,0,0,1,1
52,0,4,1,0,1,1
23,2,76,1,0,1,0
41,2,1,0,0,0,1
28,6,2,0,1,1,1
37,2,12,0,0,0,1
29,2,-1,0,1,0,1
26,13,7,0,0,1,0
20,0,0,1,1,1,1
49,1,4,0,0,0,1
21,0,1,1,0,0,1
23,1,2,1,0,1,1
23,0,0,0,1,0,1
33,2,2,0,1,0,1
